caption,photo_id,business_id,label
,MllA1nNpcp1kDteVg6OGUw,rcaPajgKOJC2vo_l3xa42A,inside
,YjxBE88Bf6CmTEF2LP1UNA,Kn23LDd740SBVJ7mum0fwg,inside
,1f7izSjM0WjkDRIVbPy1yw,ZkGDCVKSdf8m76cnnalL-A,food
,NcSlcDTEEeOaixotOPk-rA,bF8gv7k_rwZtiDLP2ZB04w,inside
,5IiIo5UKEW0lWqZ6sWrY_A,50Anorn0DJXFhBr9a9_gHQ,inside
,7qgloFt32To0cso0dktpNw,5diHqpk_JSC4p8tIo4APow,outside
,2HQXPHAw4lw776L2R_5etA,qutQLFutEyHy440jpADnxA,outside
,EVFDQjVGW_zj91RgQ2nfsQ,57Ot-sRTzL925ipv-5SzTg,inside
,ALpQYUWR2Rk4uIT-5f0fvA,57Ot-sRTzL925ipv-5SzTg,inside
,BZpJpCv0DzLPkxq4slyvyQ,UUGoM4q4i8rK2CBRS0xDAw,inside
,HLwvvzfBh0tdJAJXKEehqw,C74ViML3zx1akYVafLaiXQ,food
,3x0vuJ9i9sb38VP4Qfovyw,fepCIbejv-Kxs6SE6u-_uA,food
,xVlTzcE0NkLeNNe-x4Z6JQ,USleI8g1UVN9-9jm-b4uIg,inside
,pbUFU687jwM5vrkyXTXBgQ,USleI8g1UVN9-9jm-b4uIg,inside
,ul2_wvB0BHWqDNq6WSe44w,XNG9v1-DmScfwMShOmErcg,food
,mHeavkliy9s8_ealdaI-Rw,0lxyY2bwmpde2QHcnh8fZQ,outside
Outside,-bpyOFpGiJsOzh_y17cTMQ,-KIdCJnkt5N8rnnmWR5MQg,outside
,7EcAwdZhYsdz-CSq8ROEBw,I6EDDi4-Eq_XlFghcDCUhw,food
"""last neighborhood bar in Vegas""",YkW51dD0Hzw1572XLzrV5w,JIl4gbnh_cORSjSrZgOjAQ,outside
now this is a sandwich,fFf5HfvOZZBM_u-9fFSiHw,zU9w_xRlQSRIYXxGo-HSOA,food
Kai Restaurant,VTRKZpezwa25pyc8ePWLQQ,AkpuhGyLAxhD_sLMQv3kOg,inside
Resort lounge.,2fp5KiQd91qw351ea2V4Xw,AkpuhGyLAxhD_sLMQv3kOg,inside
,0MogMlvFon6RMuVFNRMITg,HOmUXgWOl37CaLqmrsPwuw,inside
"Not the Blueberry Hill I go to, but close enough.",CGQz5KfDrUvMh3fIfrgk8A,AnXovUgUHJap3QaDRnjL1w,outside
,ot0P9NkNIuXJW7e3kiRZ6A,Trs4cEYdP6AX_KihTk9kWQ,outside
,EUEC3WQIlCHNGlbOW9wAOA,XZbuPXdyA0ZtTu3AzqtQhg,inside
The counter at Matt's Big Breakfast. I have a strong hunch that's Matt himself in the background.,wNTCPtF_FfxL-aPfg6_-8w,-050d_XIor1NpCuWkbIVaQ,inside
,1eDvPC4F8cGvuI2lGpIoEw,296PZdxSrtH08EUwCsOKMw,inside
A typical table at Coronado Cafe,yxkz1OIxe9hJAfTK_wYQ6w,JEQaPs7jNT1M2os9lJDlUA,inside
,kvAOwh5eJKDSSPDCd4DZjg,9xAQPtjOf92wLjMHPWYEpA,inside
,-8vsof7QTBM_eb8bONG6uQ,rcaPajgKOJC2vo_l3xa42A,inside
from their website,_KKnMFElktEuOl5y6LdThg,s7lZ-_yylRPRXOxFYtQkCQ,inside
From in front of the booth - you can see back into the kitchen,lY5tXCnwtGXY9E8yUuqKdQ,zOL260xaXDYZZPBItzALxQ,inside
,fj6Xzb9bTwuyjyRNzlyddQ,aZVtg450O51eenM25tDkEQ,outside
front door,faqu84Bec0eK-_3e5g1Arg,qX9dJb-xCLZBCS-IlXv8Ng,inside
,74gxMzk2EMcf6OdOXNo7dA,ruWTngdiC68O9la27hvvHw,food
,3L38sV9JeUcmJpb8Kw7Mtg,ruWTngdiC68O9la27hvvHw,food
chicken salad,VSlZb57DiRYiB5rSYHf8Aw,DYuOxkW4DtlJsTHdxdXSlg,food
,GuvDS21yJ5efL1Zo1EzGPA,7eQoxWr9RzyCB9IFvqHUPA,outside
,x2uYzfvZp6oRejCzhySKbw,S-Hksc_Hh_dMEbiTWDnblQ,outside
,XGgLJX2mmwNSfoThXGrA9g,URFhSrJPk7JM2pUtsuWsAg,outside
inside of the restaurant,SDzpTx-vxrR8nKjOMsgLFA,OXrFWgoz533T8tMRemkiww,inside
,bX7ySHFljpUvKyA0Xz8pBQ,zNm3C496tg-jcrvG5khRUg,inside
,Y1tiezoVR7Ct9OY8le4GbQ,jx4VrFSwbBEUWMpvV4BS7A,outside
,fFYSdnm7EVGQ9x-HGUv-aQ,FrXD-7_LxoglCKdYzNMf1w,inside
$10 for this.,KxGrAXdzeBZO7rI4BlN9wg,pDSl9xdKJCdN4vu8z26cEA,inside
,J3Xd3a_pbOSx5YD4qw2SvA,-nKIDHXa5H23rq8d6KGT_Q,inside
Good times...,yxf9ERac8hAbNMaQ0PkCYw,yz3JQk5Lqbin8mtNfDcy_w,drink
,X0Ji5w-NYHWao_WcL3i9bQ,UydVmlfxab6O-CSnjeGZRw,inside
,NYI6vqiCgeMzLuEffmAVog,N_1aKgseCRqjBRwIgNOjQw,inside
"From my friend at Merz, the architecture/design firm that helped make this place awesome!",ZkHHRqrKjyJJeATxx-HU8Q,fSFzgt_QzJRUN0qNzTAwig,inside
"From my friend at Merz, the architecture/design firm that helped make this place awesome!",-xWVkTYpIpTO9nXojZw1Cg,fSFzgt_QzJRUN0qNzTAwig,outside
,yA7t1I5Z7-GcJX7NgkgwoA,ORNb79LPI1lZLMo60jsDYQ,inside
,LcrfHmgMwLNlzlf_fd4Tjw,ORNb79LPI1lZLMo60jsDYQ,inside
,MlVNpWXZFJA2S9NRsW2QoQ,xkVMIk_Vqh17f48ZQ_6b0w,outside
,X-6VB4ool8xHWM_b5YI6Fg,xkVMIk_Vqh17f48ZQ_6b0w,inside
Bar Dancers,hkV_CrgjTeJBTAWJWAO46w,GCRvrxMSC1nzShyM4Y-guQ,inside
,JhhHAWG7SGPtsMkpSjLnhQ,6UqOXFic_vu2JLGuu8YD6A,inside
,i9A8jMt_QOi72I7iFJQ6tA,u4o4TtSADbtgrlgmPlkSPg,drink
"See, I told you there were fishbowls.",TjzjMQ4l0itiTmSowhw8Bg,sSmt7JFTDNCcK1KfMVO2hw,inside
,66FWzKgQTl5JpIxDkojg-A,dPFGRDC3Hsi1mDKxvKz_9Q,drink
,Gs6CB1VdmkmmQr3ztenNhQ,vs99Jj_kVyuRtDl7rxXH2Q,inside
Large Pizza with Black Olives,mU6dFgCOJQTHxnYINHVpWg,tYbK94fl50os3h_RjpY4gw,food
Ooo... look at the pretty bottles behind the bar!,SlHN90nDNDEcZWZQVagMeA,f0YrS0PTGFX7T1svlPkrBQ,drink
,fFa-mByZ-rQefaIQXhfwhg,FLMxWQO-ckCQmGZhU9OQgw,inside
,yZrj8xiZUCqkVtwAaRfh_Q,ymtJtXwsJUClLNDepV1piQ,drink
parasol down,dcNE8RsOeve5oNbWtB3h5Q,6KtYYZ4ARIVa2Zj2tOcp9g,inside
,Pq3NdUG3IeRFkg6TRDI3dA,Lq9rYrwvWV5QDBYzq7MGHQ,inside
,QDYULWqMQEoMyz3WiAFBLw,BGGQOJQTQerEQu0kHbT_UQ,outside
,z8Y6vBLZXoWr0sweDb3vGA,lTKfkTHuD0qRt6OaocI-pg,outside
Eddie V's Edgewater Grill,D__lKlNV-3Ha_eps3Y9_CA,jGH9DMTUojegjQZ4anb1kQ,inside
,gMO1mManf2UefuF6H2JaDQ,LNOnYo13ggdoEGD-syYHIA,inside
,MvqYzmOSEIoBXMdtWRqvnw,EAwh1OmG6t6p3nRaZOW_AA,inside
,Lj_lmfoOxTP6Aw14PAIkhg,m4EqSB0aI17jzMyCtdfWAA,outside
"Best Ribs on the Planet.  OK, so I took the photo after we ate most of it.  Whatever.",UJkd_PoWNr18Yqhsb2jELA,4hG2j_ibsNblDgqei05U_g,food
,AYHMdVOF7juF13QlabzZUw,4hG2j_ibsNblDgqei05U_g,inside
,XEZRfzyPEf7cJ9pEr1VivQ,4hG2j_ibsNblDgqei05U_g,inside
Club,gZfg0pt3XfMseo50Rx_3Wg,NvKNe9DnQavC9GstglcBJQ,food
,1Xd3STiaGro0jMAwOCxAKg,Kgwz2rXBmEx0ihuB6Ta4WQ,inside
,Q07IVXh4_GFLN3kNGNpGRQ,Kgwz2rXBmEx0ihuB6Ta4WQ,inside
Yummy Scallop with Baby Vegetables and Microgreens Appetizer,ni_ewrrPlMY_CM5Z3lbnPw,VBhPgceaKWOXT71d3Jp38w,food
The whole spread...made me cry,JLWFHd-dv3DUo2PcIFKOOA,VBhPgceaKWOXT71d3Jp38w,food
,fqW_zFqAuoy11ughZtTfDg,Y40U2KXA3v-N_h-9F8Y_aQ,inside
George and Willie,g1-mr3_Lz7zgvUMTblIA2A,IhSZSLns2uQuPxBNPb5lDQ,inside
English Name,vsgkcfHYpvAum4W4uOpN8A,DVfCbJhJUDWRlUfrKzaKOA,outside
The Bad Donkey -- Store Front,d5CDu2jD9uK2gSq18_-JPg,bA88bCrusTPhDdipj5g0jg,outside
Wine tasting with lots of glasses.,46wX92z8Ur5tWQwmv1Tzjw,GTR39A2jwNIS_NV8q2r_JA,inside
,Yl7iKPbRMewJZAVsb0s2cQ,xrBQKZbhJMCtaZxeJ0tzTQ,inside
,sg7qEeYsaVXxKl3tZQUXvQ,NmOBomyz63TP9Nn2q4Z1rg,inside
Back of my head in the Legends of Bartending Shirt.,KBQRLqbREpIaktXqEy1eQw,C6K3bDXHYwqsG0TmavY2gw,inside
,i9WyfFJFdHA_p7VgjkMenQ,C6K3bDXHYwqsG0TmavY2gw,inside
,CA4-Ylm0Fq6_OLBFMmndrw,O6rGW7A7l_125-xzTZkRLQ,outside
,kDD9g8-PkRkGELdjeIk_kg,EOgc0bpKoQHTmbXi203XAw,inside
,rWLxfPvdyBvwrsRSESQhww,UNI1agsPX2k3eJSJVB91nw,food
Mul Naengmyeon - $8.95,Sb39Q_neG8ncCfDxiJ2TWw,WO1sgbYB6u6VVcvChanp5g,food
Famous Rib Rub,xPJ2tOy_MmrTLJJO2M5uOg,idDcv-gwj3joKuSBJxAfGg,drink
Opportunity for Humiliation!!!,qlZXDdsNwQ_7GyKuU0osOA,kQGw66MGiK4mIXfV_kVZTA,inside
,WLJki2p9cH-i5PidyLpkVA,D6SCh4BwNb52wZIqXdS4JQ,outside
Becca and the bar,zuyhbiWGAIwswwb1qB0b6g,L2c-qKZWumCmOCR-dqBLrg,inside
The bar,MnGOKdnvkwAhSl8fm564ZQ,L2c-qKZWumCmOCR-dqBLrg,inside
,8BRwTyJKzxY3_UVuoaKbdA,tZT_0yAeFxuihVnGXoCbWQ,inside
Fried Garlic,aOAn0lujjts0F7GGxLfN_A,j5nPiTwWEFr-VsePew7Sjg,food
,pe0V_PyEyQ--rdnM0c818g,27S0qvkcnRpVV8sr8GR7bw,inside
The Counter!,MNY__OLXleSJYanOj4EbfQ,jvnMR2D-YVtnQWCP4PN_kw,inside
,DsYa4vfEPgolLkrstIsUvQ,Cni2l-VKG_pdospJ6xliXQ,outside
,pZmFV8mORpJIBbuoJ5NOVg,XXW_OFaYQkkGOGniujZFHg,inside
scorpion,ZT7gmVRG8oZWx3e37DlGnw,XXW_OFaYQkkGOGniujZFHg,drink
,UtOLflqJEfwPdcK3S5M8LA,N0apJkxIem2E8irTBRKnHw,inside
,ZqPAA19qlYig4t6BpH53zw,wx_46jwjuX885DnQWyBCyg,inside
,pr4maqtK54kr6rDZHm8HLg,Cni2l-VKG_pdospJ6xliXQ,inside
,n2I_rbO6FtWL892WWSG2rg,3m2XZFVraCiqjgLxHi5MdA,inside
The Outside Courtyard,QJI9OSEn6ujRCtrX06vs1w,f4kNNLU_0q_2J711jCN7dA,outside
Inside CQ,92c4YDhph_cYzdYMD5c6Nw,IKCxhUxfDPOQw9GjT3akHA,inside
,-gU2nkwjyML0sUTut89rKg,iSQwKRrLYYi-dI2PpJmJJg,inside
,qwJV2LT47P4g2iRzgpPwqw,gadrifahFEqaYvLyUVFPxw,inside
View from Street,k0-TpTireJAPbpbGeaRD0A,v14P9-vB1yjxFfFEYEWudw,outside
,I_hg9PnNEGFcMgznnlXElQ,l5dPoUSvBhUcaXoi6hfKrA,inside
,Loe1oB19ThS5eyV-TjJSow,krysT2aEJWNoEUYFF7JmkA,food
awesome beer garden,L49TrdJ6Zaq9ataBYan--A,C37hwsGUHn_3-il0ypeY-Q,outside
Tuna Sashimi,qtawcsWGHEDGS1WIRYIVPQ,TSHrEyqHJbBbjmnwwmEN8w,food
Dave Warms up the Crowd,HHs777pbnplVJLKcFp8Tqg,wf3y8-wNJ5pIlxwMaU0h6Q,inside
,gmxH6JRYMXTfUQ_ya0R_Lg,L_ZLtfHvfzfoNVQ0-okTXg,outside
"The foyer, facing out to the casino floor.",z_GKmF8QHEM3KSqYXIm7Ng,mUdalYTuAtnZm2K9zoH27Q,inside
Seating area at L'Atelier as seen from the front.,OpicElupv3w23a1ou3dfXQ,mUdalYTuAtnZm2K9zoH27Q,inside
,2bZFkp2qaAbDzI5dO49FQQ,Cni2l-VKG_pdospJ6xliXQ,inside
,qseuTkFxs02sIVeVg_PSbA,m1BL2XSBqnqP1qfmbrKmug,inside
,4agY41Rc8RZuhumcDMKYmQ,6ANVuBMmpkXpFd5Hzkn4_Q,outside
Fremont - During the day,cdnQ1v1Pi2ZxWx6XbG8ixg,3xmfT7l3xNH5LK1dLzfvGw,outside
,5rD1m-Ai3LcQ_8vph7RRGg,XEDNbV-2weonlktP4CSnWg,inside
,6QpoPX2_07qZikeKbv2-6Q,qnuBmj3lL_S_QQOmTI9cfw,outside
,17eL8aZjKzD3jznYJm6_vg,7-Ba9uSmYYpXgnQRoIPxMQ,inside
,CFGAsffG9KDoeyp6ESWKNw,ORNb79LPI1lZLMo60jsDYQ,menu
Palatte at the Cavness House,5dSxZTIcCvWlUMiKd8t_Tg,EhK37wNBtzk64S8kksL9Og,outside
,1qlFbJIP01RlR0JBEvRc-Q,v1vcs-uSAQcjTFsHxS1dug,outside
,uLwqimbwHfyzCFqJfGtImA,EGGdngbmVn-MA7i-6qrprw,inside
,ykx32scJNbUoLOujs-derQ,3oajqiPFhYQJsHHiVCchEQ,inside
,aKn_iIyHTBq2i6-AqMXUQA,3oajqiPFhYQJsHHiVCchEQ,food
,X7QyN6HCtkdcyuKjmp0yPg,Cr4ipI-tr-R8Q0NilkWNkA,inside
,OpKGzeKuJwpZybQKGTfMQQ,L-zHt7gZITG1z8l7TZ4dUg,outside
salmon skin salad,xpIHCugf3jypgTwuNMBbXg,j5nPiTwWEFr-VsePew7Sjg,food
Amare Stoudemire and Toy-Toy,606Zwo_uD2jsuCVO-4oWpw,YPavuOh2XsnRbLfl0DH2lQ,outside
2182 Bistro,8ukmHDO1vVgl4GendtSRnw,3nG1dM4lqs0gQzqBM8ZxYQ,outside
mark mixing up something good.,V1-FqZROBj4jvK_-0-Lu6g,YkWT4n-pPDlPJKfkfXVL1w,drink
,3FjtnND_orJWAglfg__aOg,YkWT4n-pPDlPJKfkfXVL1w,drink
,FzbkaeqWcdUxbj60lcwasA,AfoBKJuGBJvQhc3By4K9Dg,inside
,uxYYiiiOskTN-DOpYVfNWQ,ubEa6XiMt6gOJ9xsUkbpEw,drink
23oz beers @ $2.50 Whoo Hoo!,EMm7TZ-zfetOv6rL5jvgIg,w_UCGMgok7N9p0XdYBx1VQ,drink
Poitrine de Veau (Slow Cooked Veil) $29.50,8bITdFwTRU6IaqY04Ij-3g,rcaPajgKOJC2vo_l3xa42A,food
Bouchon Coffee,SCqix5R76QSnWvEF-ut3YA,rcaPajgKOJC2vo_l3xa42A,drink
Thad Morrow at Bacaro,ZkHaa249evAmGf_6l9w9RQ,jeTfL2kCyBtmFGSrSQHqVw,inside
,vxtKCh2tfkFPUEZ_XznUiQ,wzfQBvE_VAApYqvi_Zrt4g,inside
Greek Salad,UcRXJRqnsaLfE8Vdkqgjdw,_APcAWIVRrkYIQfwGcOeww,food
Metal Skool,q1c6UnorAbNxNUql4mbd9Q,GCRvrxMSC1nzShyM4Y-guQ,inside
origninal chicken sandwich,nIgX-Qbc6VxIZUzfjXOh5A,w2gXToEf9ba78Qfmp42YRQ,food
delicious organic pastries,tRYblyv53Yzu38cHosdEAQ,AJ8DDFm6QaihAPZI3wFBHw,food
,dDspnYOi2LvYEXfgwYMwew,AJ8DDFm6QaihAPZI3wFBHw,outside
,sz6tvpOJ47ZjHM8oGLcq9w,AJ8DDFm6QaihAPZI3wFBHw,inside
Is the third time the charm with this piece of prime rib?,E9DVYLyaXopYyxd8-f4DQg,tORH_LDga3t1bbuluhuxiQ,food
The Front Entrance,pj0TZAWtw9k7Q90Al57l2A,qFZ7ReYNpjHuvSxOqXqHMg,outside
Their oysters,gbnYTwf8y5iFhS9byLfaiQ,qFZ7ReYNpjHuvSxOqXqHMg,food
interior panarama,YHMfYfTcNmFvZzJuyE-ptA,8ro1QnWbUFZr6hJ4aOy3TA,inside
,Alh6KlRtYo-058pMtDn5oA,WmHRxbW3m8cngS4e6T8Cnw,inside
,yThm2CoX8HJAUOW546bFQQ,2UgRg5a6KmpbD_SZfhNrKg,inside
,t37UcBjpSzG5FYw5eT1xYg,OK0ba4X5seibH8oMWh4bhw,food
Sake Bento,klei6DGbbmQ8XoPaDV6cwQ,tVzgYjAI1Y_oDHmbJRyxTA,food
Crown food (Curry Chicken with Fries and Rice) and Meat Pie.,tEQEXfnN2vWWOPs7xdb3IA,Vg1C_1eqwIwkZLIXGMTW3g,food
Mmmm...beer!,CwxPd80UG-NI_oYdaxTgTA,Vg1C_1eqwIwkZLIXGMTW3g,drink
Kobe Rib Eye Shabu Shabu - Healthy $35.95,RYGMBpRaIumXlttrtdIESw,_8VkSb_Mryb6bHQxSWB7Pg,food
photo: DRCMedia.com,YYNGMa2C3jqE-0dFL3FP3Q,0-cJHYQVq1CWgpfHxLoBAQ,inside
Full cocktail bar,qsrNkd8kCQw4hRO5ViNoWg,wNlpUnbCwAsMAu9Z1wc2nw,inside
Exterior (photographed by Dave Hong),g1V9g6WGgm7jV3IZByalHQ,3m2XZFVraCiqjgLxHi5MdA,outside
Side dining room (photographed by Dave Hong),-OMtCIqAhOcCrRbNSKsDCA,3m2XZFVraCiqjgLxHi5MdA,inside
,81Mux75lV2m6HqPRIPvc5A,iO5bjeXWiu1mOqlevgV73Q,inside
,yfQCp22JJ2AnnGYIdu3JmQ,VR8QvH2g-jEG5EfMzA_G9w,inside
,gMPTcf40Fsj4cLYfLM0bOw,-JfncbVURtvuzBbof40o1w,inside
Restaurant Magnus Chocolate Martinis!,y7wkkgEdXzqGjfgFWjPBuA,3QfcfPCJSo0z2v1bkdUemQ,food
,aWcTOthBW9S7MSCPjmQUKw,wv7YhunEKc8-5xRCCGIk4Q,inside
Via http://www.drivebycritic.com/TinTin.htm,Qxe8_KlXaNJ3ecG_w5Znlg,Oy2WnPyiOlPFvPKMIuOC8w,food
,1y_N8ZqXH_ygz2M8E73opQ,7omjRsgGEJQ5Zl5yJgGtDA,outside
friends hanging out at Willoughby Brewing Co.,s3jt4GslZ6z5f6nq36iG8Q,bIA8SE0KHRjzh5WmN8iEkg,inside
,wq4VYE9ZJl1M-rRolsX_hg,LsaSrbOcV7M24Yc8nemdsA,food
Some of the drinks that we tried.,JSX-mbJ4mlm3M5_kW9jy_g,in1hs9ZPiywjuY1MpMZNkQ,drink
,PfE1AsC6bASIOcU_q8sjRA,jBhOVAEdnzCJvgSnvA4UDw,outside
Beauty Bar in Fremont East District,x9uY9nAUY-vcoq2XOFhlnQ,DV13F0bhe55dV1AhwoO50g,outside
Pamplemousse le restaurant,EJoWsz8OIzd3YowTA3TvwQ,COgwFthJpS4We16W5Gf4lw,inside
Pamplemousse le restaurant,ix3IHfnvhnwrfmfcu6CiVA,COgwFthJpS4We16W5Gf4lw,inside
,XcQflITXu2fBqPDIt9aA1g,COgwFthJpS4We16W5Gf4lw,inside
Pamplemousse le restaurant,r37VQYLQGu-QDxVF6rGR2Q,COgwFthJpS4We16W5Gf4lw,inside
Pamplemousse le restaurant,-vdo-XDggc2QNmdqRA9YOA,COgwFthJpS4We16W5Gf4lw,food
Pamplemousse le restaurant,jQTLYQ0OGQiy4EzcNOMMyg,COgwFthJpS4We16W5Gf4lw,food
,AxnSudM7o8R0k84J3J6HYA,-httBl6DSZiUtDX4SQWtag,inside
"An upscale, yet comfortable and relaxing atmosphere.",RvGAunzO4ofJsy9tG97wcQ,Y1-nbySEHec051ix7beSGw,inside
Interesting Interior,Bbs-ABSWZP_EvOiORwDtgA,PGUuVJEzM0H-ZMB6m1D6Ig,inside
image taken from www.autumncourt.com,-hFLkQ8M85fDVdZ9WWKTqw,tDYcVluqZwieulc1iqxGXg,inside
logo taken from www.autumncourt.com,uVx0tEq9XVYgT72bU3RNtA,tDYcVluqZwieulc1iqxGXg,outside
,UEOsn7V3gen3jnrpVnIdOg,xcmmTXhuMx2fZF2Bt69F4w,outside
,BEywXgg__VzIAOGYmlTPLQ,eq-SNqLqUP5rAc_PZAHuEA,inside
,ZCiLoAgR_PcFZa86c9IqzA,eq-SNqLqUP5rAc_PZAHuEA,inside
,5wqg3wJOp5Vw0L1uWOObNw,0WoQQlMXVIDEgI0xNdENKA,inside
oooooohhh Fire!,gDl1ZUwCgVKFvSI3qAfApQ,eDlgbI0Qg_mmI-Osvci0gw,outside
,RURqt6l4l5AYN9LKqU0xoQ,FHYr8dMtHgdGedbDs29qMg,outside
Comedor Guadalajara in the south Phoenix barrio,_kBwIMi6MYDxDtXT5KP2jA,pDewiJY6KCcZgLxxgxg13Q,outside
,3VcozRQfOd_0S4vxsRGEng,zrDi4gEaUi64lAMfJU51dw,inside
image taken from http://www.nybagelsnbialys.com/,LEFRlQXfHhUqFO0rLISMDw,ncXQtqJT5Gk1QztwTrBrgw,food
Tender Lamb Sekuwa,FooBovMHMK8ntmEGuSrgFg,RJdV7djZZeH3jJadPhgVvw,food
Lamb Palungo,hxJ8WqiqnCuUrbtNiqZjEg,RJdV7djZZeH3jJadPhgVvw,food
Lobster Burger,mXf17oRlLWpHHby4rTG6dg,Cni2l-VKG_pdospJ6xliXQ,food
The Dining Room,k8EymfYfjY_CvKkT1ARDPw,KWnLw61n0v4plYLhmD4v7w,inside
Salsa Bar,wlr3wTCYD0Sq0PAxLuW20A,aVTcYZ1h7QoF_lDdH_RLqg,inside
,Z_7yHOskx6Jk7KM--nALLg,BzZNKx6Des02RuAtT-uOPw,inside
,oI_r4y8YiKzz9kudYC7eIA,2vNpSOZeriWzUC9VQXUnJg,outside
Dessert Station,LetdOc71_BTrPDaEb-Av6A,5z1WIr7E9P2CSzyN5seeSA,inside
,dptFrKcrHOGn_Bdid8z2NA,13l5G_oIAjsbo-zPg7LOAA,food
,edCPA-6lvh5wqclDBZPggQ,13l5G_oIAjsbo-zPg7LOAA,food
,x0E2HSs5hGDHF51KPmHpBA,issNocLJCc1YbTdnwEIlXA,inside
Seeing Is Believing...$2.75 per drink!,-tDpFc0fQO8xIH2QhXafBQ,M4RwZL5bTBTwwbVcoaDbtw,drink
,GmcKrjOcZWAsxvfid3bCCA,-rLP6lfoQmOO_5Pf2bTkqg,inside
,iCTUe9SP2tFRMVmJANcXqQ,PSRZaGGxXmOmabL2si8pKw,food
,pwU6IN5qQTD4w-Grjn5Jkw,3Gt3xskppi9jZuTrwrhLNg,food
,qMyeP1mrSg6WFhWWgK9DPw,-Le6cwbZL4tDZwNHwipfKg,inside
,fwNCnizprKcIk11lbdhhGw,-Le6cwbZL4tDZwNHwipfKg,inside
,_qBvthFdZX94GyAekTQYiA,UESdOMLsXn_7WcwOZt7I3A,outside
,ilsG8H2obs86Ea-ZClyNuw,FhHjoOk1mAqT870lZERYAQ,inside
vip lounge,obgh3hp_vxWz-VunwQvEJQ,FhHjoOk1mAqT870lZERYAQ,inside
buddy Anne getting seranaded!,_rhJkM0gW0y1_B8y5iKkwA,qtc1YZix_5lHBJTZq7DOpA,inside
,g7hU3nOkNREAC0neovttfA,znBAFVFRMvdUvJ7eJY_vjA,drink
,VBCbY2bgZ1X838DRnzYvxg,j61zSbBRrNQPG4p-cydSmQ,inside
,CPhYCbWh63xKaK39s9bAsw,j61zSbBRrNQPG4p-cydSmQ,inside
Pasta made to order,uFEVOGTiwXDHr9wiNzZMoA,X94hpx48QK-v8MmV0YLK7A,food
From the Brittany Station,pPjfTHb9kKdVHNUi40yTSg,ZkGDCVKSdf8m76cnnalL-A,food
From the Burgandy station,CVYR0FT95rFiW3sbENVIjA,ZkGDCVKSdf8m76cnnalL-A,food
Shrimp Burger,J0OhyIwvZIXuqI7Cr9x9xQ,RGWk5ceg1yyc-zsuIzHMDA,food
,L2SXWm6CmmADLLM2gXKdlw,RGWk5ceg1yyc-zsuIzHMDA,food
Malees on Main front entrance,Q1JF26e2Bk_eCak8LCX_JQ,VMr8sgoQOW0fo0qVJENajA,outside
Desert Ridge Patio,sQs68SJvxVRlXhDJosCdFg,VMr8sgoQOW0fo0qVJENajA,outside
,zqiSas0Gu_S9Tqhd34M0_A,PZ-LZzSlhSe9utkQYU8pFg,inside
,qN4ZBwRx0Ewjnvdm3HKvUQ,0QHMAUi6NdOUZ1ckXq0-sA,inside
live music,tK8gzS9EgaQJtcV-yOEfoA,5YBYmkrKnxZq9Xxd7ZtPxA,inside
,mgQ67kdy0kCwQ1LBwarmHQ,F9cXFXk60E2sz_YTSCFp_Q,outside
"""Would you like some neon with your drink?""",DB9R_T1OkpBPE9tqziYDig,jBhOVAEdnzCJvgSnvA4UDw,outside
dining area,qr7eZlR0rVwbe9hEydG77Q,6bU4NFkXbdbvnQBDa9-nfQ,inside
The Sushi Monster!!!,aEgeH2eCk944R-MmJ3CsRA,7ibuDLfx8gEhESAufYIySw,food
,sK9A28IvISs2h8Wbii8r9A,g-neBWSgkVEKVVUwl3iXwg,outside
The bar,COvjgShe77xAtuiRgOnhXw,AMTNJbYbu0OMMAkx4meQxw,inside
United Tradeshow - Aug. 2007,uKwkBeYztwGBGt_ha-e7iw,DV13F0bhe55dV1AhwoO50g,outside
United Tradeshow - Feb. 2008,41iaLm4RNQrIcttdPj6Vfw,DV13F0bhe55dV1AhwoO50g,inside
,P48iGzwWQGIRbsG6EeLU0w,zkhBU5qW_zCy0q4OEtIrsA,outside
stinky tofu,_OnDC5TfRmsT1yG9rt5yBw,sDXuFZjYR3FJgJ74MtecVw,food
table side salad prep,ggkuQkSuhItYLPNzq6GkrA,VG0nWxGsPixYLsyi49gyxQ,inside
Klein's kobe & fries,h5K9oeBCLIWJpOS_hNsSUA,L_ZLtfHvfzfoNVQ0-okTXg,food
Spicy beef salad,S9q5vcPK8k5X7Wi4au2e2A,5shgJB7a-2_gdnzc0gsOtg,food
Petite filet,2U5bUcX14-d01Hw-VwBmkw,5shgJB7a-2_gdnzc0gsOtg,food
I took this one at the Sunset Strip!,yJrtis68sBCn4lqxwpWI3w,9Q9nXYkov-tCTOEhWJTgSg,outside
,of1Mv6WNM-yJcABI17G30w,glTBzDHv9wNhEsZa4bQrOA,inside
Rio / Strip view from Moon,1qLhI7dVQPq8fdffv0WujA,qb-XyoTeyCXv3Z8hricyAA,outside
"Nantucket Bay Scallop Crudo with Dashi Pearls, Miso flakes and Osetra caviar",j4cPC-xwE8tmT3FosUcrjA,lQ9VmIWvM6v-rONPkYX8aQ,food
"Japanese wagyu beef with shallot-bone marrow gratin, parsnip puree and bordelaise sauce",12CVDsWtObOcOYFHrvU7IA,lQ9VmIWvM6v-rONPkYX8aQ,food
Meyer lemon parfait gratin with vanilla citrus,74ixkuMZwhXFeSEmE5fhgw,lQ9VmIWvM6v-rONPkYX8aQ,food
,NMEY1kVmGjaZZ88dvLtKAA,Ja4stXdNYr39u5CZHMNtjw,inside
,gUyc7kDj4mPCztKEwRT7Jw,bs07-hLuz0dq06gIUwR5mw,inside
,DwTEKenHg07Q9HVRYLhRUQ,HC8x_oRrWYbmPhDYNZLUzw,outside
,hxl848LP-gbXnYZjnts0NA,n1Ng1q300iLHYZELtOd5FA,inside
Red Room Sign,2ogxP_EfiamrOoDtFxBRbg,9tK5ibv58TxxpndehLXjDg,outside
,tT55LOeWKCOwRJ04x9ueEw,rcaPajgKOJC2vo_l3xa42A,inside
,aJcyib9jLyXLJP38fBwVdw,rcaPajgKOJC2vo_l3xa42A,inside
Dining Area,fSVJBuk0KtZf7rUxtK1AMw,TShoU62Hm-4wH2EzwkJbrg,inside
Menu,Z8l9NOqqTPcJIFxkltOjXg,LLWOrt8Vo5kyA9qeo-Y76g,menu
"Fogo E Brasa, Phoenix, AZ",9MIT8fCfiZ3o8-e3VtudQA,H1Mp8I2YuyBe8lFHnRk3iA,inside
,0lCYqAkv_GvuH-DYg9TnVQ,ujHiaprwCQ5ewziu0Vi9rw,food
,U5WmDsBjYfb-dCKTiDHqag,zlpLjbwrKuNs8zROgB_qUQ,inside
"""free"" treats",bOFD8wn-QXH_LbLvyz6IXg,ByF6BhEWd8if3hiNM-BU9w,food
,dXosmrJB_q8HPX_gfsqE3A,6KtYYZ4ARIVa2Zj2tOcp9g,inside
Pho Vietnamese at TI,YI01WNcUIneGQLZIpKVTyA,eavP59x5DOpGwVFhxbG4Cg,inside
Interior (photographed by Dave Hong),tMGPdA40pGgvRR3SKzQ8mQ,QJR4qBUHegWEozSQrGmBPw,inside
,fYMakbWFCKDOPwvgHZp7Og,awPIH7K4WA5BKJfiQlZcow,outside
(photographed by Dave Hong),uRU7eRfPJKL1CD72ZkV5GA,V9klA6JGT6Fz2UpVP_7sBw,inside
The Rawest Bar in Town!,zUQt3px9BjTSCNLIFdZsSg,mRWNt7hxoFzo5XZaoSC7aA,outside
Interior (photographed by Dave Hong),58OybbyWSvFM0vzYntQLhQ,UUGoM4q4i8rK2CBRS0xDAw,inside
(photographed by Dave Hong),7twqLFKsxbdDMn_0CVTgkw,UUGoM4q4i8rK2CBRS0xDAw,food
,lOjj4LoGWPQiWOdrtqfgxA,r0byBoB7y_IH8uicEvyCqQ,inside
,qUEH1dqwOTADTUgtKN6HeQ,kQGw66MGiK4mIXfV_kVZTA,inside
,TjKY5aU4LFz-fpADwuu5-A,kQGw66MGiK4mIXfV_kVZTA,inside
,5Dk7WVMrPbKl2BGM8sHPDg,KskYqH1Bi7Z_61pH6Om8pg,outside
Fresco counter,f2gkUVypLfmcC6GZlbPzsQ,qW7lM3Jo0_Ctz3X0KYNtCQ,inside
The itsy bitsy bistro,DL1MBYnVLveAMHwc2sfceg,F6rZDgYtqfjs9sQC6bv81w,inside
Liliana's interior,gG6yysu-iChF1YUOEaAUJw,aqCOsEhjCHVqaFPRt8MCRg,inside
,3ZS6f0HT6NrbDOQtTuiqlA,Z2iYtj0ybh_ovOyRD8bjMg,outside
,s4cIA_ya5X5aP8LyUPwTxQ,Fv3HvJPQYqfmniTgtIQJzA,outside
American and Japanese,T0DNisPUru3VYM1Iizk9Lg,2weQS-RnoOBhb1KsHKyoSQ,food
,TWZV831CTN170w8Bhq0zZQ,H9QvGwjFPnUULD0y8i7FkQ,outside
,qUu9fYHOXnFIabnxrgS_6g,DzNk7Chv42gNobL3Wqqt_w,inside
,Zkq1meu_8-p77MsZ89VS6Q,DzNk7Chv42gNobL3Wqqt_w,inside
,K6eew3BDnOaeAuF5y5yHuw,DzNk7Chv42gNobL3Wqqt_w,outside
,2RfkRoJJIVU3sdd6WKoC5g,DzNk7Chv42gNobL3Wqqt_w,inside
,s2ogCcNqw0znH9dulY5IWQ,riM-pBsdqRRVXtAVbLfsxQ,food
For Dining,qs3JJZ4hP-xlpqPZb4QG2g,pxex7bDovzCSHJKTu_hPJg,inside
The Wine VIP Room,o8xMM73_eSkTumZk0kyiAg,pxex7bDovzCSHJKTu_hPJg,inside
the signage,V3zhj34lXlauCKNF1EPm4A,vsafIOqyblej4784tqbUhQ,outside
store front,U4LRaYjehdYf-eMgCjkKEg,vsafIOqyblej4784tqbUhQ,outside
,dWHfBPp0Z-9J3rE_5qGFaw,VV4NAmS0KJ8A8xOcQnKB6A,outside
Dover Sole,-mL7twe28fKHv-pr--OTIA,gV63aLTQ06Nff0GzJ0tcUA,food
steak and bacon wrapped short rib with phyllo wrapped cheesy cauliflower puree,7_mo5wdCKgudKDbZuhvRQA,gV63aLTQ06Nff0GzJ0tcUA,food
Menu,gkplvgawtOuqnIiSHrPdIw,z0rSmZQz9eEXjg_C3_E5-g,menu
,L5LBhJwwhL_nV24KVKDuKw,cD9Unn6ELSONeCR2Y6Rgxw,outside
,3K54Nh3wgZ97gn-RS17pOA,wojojx51l1oBfMVVqUvWAg,food
lamb shank,GRSfEL2Y0V9kP6D5uP7P6Q,wojojx51l1oBfMVVqUvWAg,food
"The Bar area, there is a catwalk in front of the screens were the girls do the pageant and go go dancers dance.",uLyFv4BvbaqWgtJnXre1SQ,hG9ugXVziCUGhwRNQCRVjQ,inside
coach house,21JTbIHe2JnW1WlmdcDYCA,GNi0IjmB5RYOFHxcb_f2qw,inside
,iNxm3v6x3Lg8qov-SABcxw,gomzC2CMt6MD_ykOSGwdDA,inside
View from the balcony,6_y8glwBnRF0kF7h3c3Wdw,Cr4ipI-tr-R8Q0NilkWNkA,outside
Balcony Patio,OoztvlvJsVajPf_Us0p-Ww,e4qQlNEop42LoFBwv71dVw,outside
,ixIzb5wYXddknNUTBTDndQ,-LzUYsR54hd8cCiYXTquRA,outside
,kFbZej3BN_zgGm7WeJ8Uyg,LYWbyu1EQM2o5hwHG5_Ldg,food
Inside Joey's Bistro,I10hoCLMCqkNCxDCyCki6g,FIr6iGroJz6OP1m9vo3f9w,inside
Dining Area,gAItScdQI3OV3QQvwYvcXw,PDIh1lVtKlUqPJROXYJQvQ,inside
Dining Area,GI47e1R5XCYoDSpljmkrFQ,PDIh1lVtKlUqPJROXYJQvQ,inside
Dining Area,gICdIHhUfOvzIIUgAlYLnA,PDIh1lVtKlUqPJROXYJQvQ,inside
Dining Area,_XH-smalVV1HAv98oEoiMw,PDIh1lVtKlUqPJROXYJQvQ,inside
Tuna Poke,ZTHFw3S8ZtQVturs5qFkpw,PDIh1lVtKlUqPJROXYJQvQ,food
Fix Mojito,DaouvRDVw8AxDCv-WUq92w,PDIh1lVtKlUqPJROXYJQvQ,drink
Sea Bass,UblcaEti3iUDZvEkVEbzPQ,PDIh1lVtKlUqPJROXYJQvQ,food
Terratini,PWnVGnO2_1v_A3XX5N4QlQ,f_eiOrEcMnkHB7GvQVOHkQ,drink
glass bubbles,X9t1gEhjvmhWsoTsHgcwsQ,Cr4ipI-tr-R8Q0NilkWNkA,drink
The Bank Exterior,4KlJYoINt0T_ErgIQ_JY7w,zlpLjbwrKuNs8zROgB_qUQ,inside
Party inside The Bank,FUBWkZbpPlNHDZGXx9ZBfg,zlpLjbwrKuNs8zROgB_qUQ,inside
The Bank Interior,IAFgtA-u9FEdx3qSZ_ts5A,zlpLjbwrKuNs8zROgB_qUQ,outside
,VF6Ud4KyEJx7UMdGPwqTDg,liGn7sPOvUuy3kcwbhRkbA,food
,XO88QmuZVP_uThhVNVNhuw,A7jbtXYFAZhErOW7xIQinA,outside
,MS0k0AsBZKWzJYjefPUfPg,S6BixeT6xkktY3keKSyYrQ,inside
,5N6qPf2iG54XTgiegiWCvg,S6BixeT6xkktY3keKSyYrQ,inside
,Q86sIUqOnuG6TNFn0Em6UQ,33NMl3UDfWiXf38SJ-K7Ig,inside
,3bJCGD1ZEzB2ShSPhl35Ww,qtc1YZix_5lHBJTZq7DOpA,food
,XXmkUvLoe6XMhHZON_9kog,tIauOelAC3BZk_xhMoDBUg,outside
Lovely servers,3E031mGuidvM1MNRH5XE8w,6KtYYZ4ARIVa2Zj2tOcp9g,inside
Down and Dirty Martini,czARZ1DwOmwNvkP534fD-Q,UCpUOtvqR-NBWBNVMzJleA,drink
,n6FXGR26hl3PlkJCL8jlvw,939j88ceB05Te3D7kQPwSA,outside
,i1268ZaaW7-hup2VWLbKSA,x5m_Cux8UoFlVtqxzUa99Q,outside
Interior,AucCL1wI2t7TW2fTsEWTBg,kPr9rYEkGwbRLgUHvKljQQ,inside
,rMg9ZpjFoLY-8kKS5i3CZg,wfWcE4K7vQX1Fjao9Q-12Q,inside
"Kobe Beef Fleurburger &quot;Rossini&quot;. Ground Kobe beef, Sauteed Foie Gras, Black Perigord Truffles on a Shallot and Truffle",jzf3iXn9NEuzDUO_1DlAUQ,YuiM5VKscO8rS1EX7f19_g,food
,tRiTgd9bwaABYXJ9tRUjyg,29XtLRA0y7Nfi4eZF-ZI4A,inside
Tom & Mozz,Qanj3Vfwk_47aJ-fwV-78g,TkEMlu88OZn9TKZyeY9CJg,food
"Honey Do (Turkey, tomato and cheddar) I added avocado and  soup in a bread browl",Bg3if0FrkVrPEPAecIyrmQ,jiOREht1_iH8BPDBe9kerw,food
,7enl15ojFvNMmONtigbiZw,pa-C-Vsk9ntuXBGjTr0tBQ,food
,tecSpjFeMf6vgn0vDZlhFw,EhK37wNBtzk64S8kksL9Og,outside
,_T92rPHPJLYrOTwKdxRUNg,ksYMRWS-hhU7SH0-cB96rA,outside
Sign from the Strip,igMJorNJdmagP6JcSFBD_Q,LtXy1VinKWfuLFslVarKRw,outside
,sjkbb_oH2OcUKtjDxjUvYQ,fSVq-hRt3enBlTyYuiIFyg,inside
,iAL_COHfKFGP7BxPan4flw,dtjOkuk-UNjsRLDa1snxDw,outside
Ali Dubfire at Puff,5e4qrzrpS_HrLXjG6rJT7A,HoPbdqGo8nV0ookg0rbKvA,inside
dining room,JJK9P30T8YtqVaXmIEGn3Q,XZbuPXdyA0ZtTu3AzqtQhg,inside
,SCLIPRULMdQSuYpXxocAaQ,KGpsB2dsdkxl8SGVUlJbZw,food
,bBMowaONza1YeDWYeoojYQ,KGpsB2dsdkxl8SGVUlJbZw,food
,ITDsWBToxtTxRBruRsJDrw,YZGSNhgTS6YeyUYoivD-Ww,inside
"The dining room is small, intimate, and unpretentious.  Wonderful for a romantic dinner!",HiQ7_D736MVKzXZrBqFAxw,mlNHAQR3UhowDDYdJF5w9w,inside
Sourdough Waffles,cx3omKZ0gNfWqRXaOg-2tg,rcaPajgKOJC2vo_l3xa42A,food
Croque Madame,0F-A7V0_9YaaeryA8mYeuQ,rcaPajgKOJC2vo_l3xa42A,food
Pan Seared Halibut,HlZm7DNuZpJzq3UC7BHrxA,XZbuPXdyA0ZtTu3AzqtQhg,food
his,1qK2IeUbWlqGVssuyQ1WOA,XZbuPXdyA0ZtTu3AzqtQhg,drink
,3Mt-8WBLLAPoSxN1uGwqqg,VK_l61W_K2OOkDj-YbDeAQ,outside
Rack of Lamb,4o2ZyslQLGbc7lIbDvA15A,Cr4ipI-tr-R8Q0NilkWNkA,food
Cake,ZV2MSoBzIiuvJe5kUfG1_w,Cr4ipI-tr-R8Q0NilkWNkA,food
(photographed by Dave Hong),oT_J3Kd5ve_WXoF2Mew71w,ujHiaprwCQ5ewziu0Vi9rw,inside
(photographed by Dave Hong),czhVJkubWC5DYhj1kjTs2g,ujHiaprwCQ5ewziu0Vi9rw,food
,-VlP325xjQume4LXXejy8w,glTBzDHv9wNhEsZa4bQrOA,inside
,Y89HtpH-Y1-U_47FNRXO6g,NTQXBbCa5Ugj5lNr6E4J5w,food
#2 Honey Pig Combo,1CAY-APHlnb9txCpW1d-SA,buTa1akbH0pO_P10v99_eA,food
,u1C_M94KO-e5VdxObjxJjg,gqEW_dPfTzMCP8DdLupl-A,inside
,0oeKZVUNxIjcenZs7o36zQ,gqEW_dPfTzMCP8DdLupl-A,inside
,3EFzoB6M3fDihIbe_tiM1w,rcaPajgKOJC2vo_l3xa42A,food
,S2kxVynGHEmCUDNppO0Y8A,VRC7J-ahI4em9ddhihxq5w,food
Dining Room,BTh-Q5bi4UsbiPrPpkedeg,L7SKlQ4hH12eIqmabXzE0Q,inside
Torta!,G8DgXZ-UWHhIyapQiy-bqQ,biepWr2CGkkit6zNFt2Dpw,food
Alfredo Burger,5lm9ZyMze-MTgtw2FfMdKg,cLUoCKZGS8IJDStYsAA3Xw,food
West Side,xg3nPtjyBnLd6tDtCSVboQ,cLUoCKZGS8IJDStYsAA3Xw,inside
,N7s4QbXOnt8XOsWQgfO_zA,fQt4D34vcJNtEf8Q4zte3w,inside
via http://www.charlottemagazine.com/index.php?optioncom_content&taskview&id2471&Itemid761,KG4Hu_96EaTWYs0MndM0QQ,NVJ1rVXyThay6Om-Q2LKJA,food
pad thai.,amBMbIuGc_VTrrt3akF7VQ,BzZNKx6Des02RuAtT-uOPw,food
,6Vhno0T8kYj_D3KNMwiyVg,tcT3oHh_dwi_FYhozw3Ibw,outside
Dinning Room,wzbJiC2H6RjIZbWyAcOu_g,vUDqNV3RhI3FmZRwS7039g,inside
Mighty Cup Coffeehouse & Spoon Gallery,t-SytvUFheZ0Xpd_Fh5wIg,jUdUVwuA0wr2vus-F9qyTw,inside
A regular at the Open Mics on Friday,XnAWtMNh6_f6mkR2o-d9ww,jUdUVwuA0wr2vus-F9qyTw,inside
"BBQ Beef Ribs, Rolls and Sauce (to-go)",LdOlsFyhnUMcXnRfHauW4A,Ndozr_--5-wzyDJ2T7TfpQ,food
View from the Roof,wix_Hx5YbP1zZbf3FAQy7w,939j88ceB05Te3D7kQPwSA,outside
,OhNcd4CSvU-shsUsoV0LTA,BSpXnwBVR5tdcBT0s7mkeA,food
,bGKMsnj78Q32gNenoSVjOw,w3JBz9gLbZ0CKWQM07nONw,outside
,yUZiY7Xh7_iDlXACiVuiZw,gogO5RF4Rqz2THF1ATcCew,inside
,AyuC0wCkCNoph5LOLfrhNw,hRL_qCrcu9UL773su0QabQ,inside
,FVBz2pT6KHM_qeVq6uqGqw,bVv7r8emubqxWAnAk3abGw,inside
,QLnmoiNdaWqKjfBvBAeV4w,6oKZoCI_0ePyzfRqSFMBig,inside
,B-s-8VUnuBjGTP3d01jsyw,6oKZoCI_0ePyzfRqSFMBig,inside
Las Vegas Ferrari Club holding meeting at Josette's Bistro,tqcqXmwzn9VcESo2tKyrGA,uGD4Mml0jqa9cMAKaip44w,inside
,a2NBxAFl0L5e-p9X4AFaPA,1a9YViZDThy3VqBnGOatmQ,food
,LYajiQX1LEXQYXYjAYBEpg,LFs5jyYdXlzi0SpAYi1eSA,food
The Tasting Room in Vistancia,m8WVOzRGsm125p9iF9MfIw,LtqG2KJ87h39x7bnq6QuYg,outside
Ferris Ballroom,CvjGF67XcCgl38tcTdVigw,JRuNDBOwKW0H73E5iD_uuw,inside
Bridges Restaurant,ggTL9DNe7_4DPHr7FdXiJw,JRuNDBOwKW0H73E5iD_uuw,inside
A church being put to good use.,qI-5VL1yMn_yWbL1y81owQ,ejaUQ1hYo7Q7xCL1HdPINw,inside
via http://www.thecharlotteweekly.com/Culinary/Aug%2026/Culinary-Aug%2026.htm,VcsmlfWVeRoavqUZSoDFrg,JQWIZ8MT-VGZzO5W5XCB5Q,food
"Signature Dish. ""Pittsburgh Surf and Turf""",xsMFmT0_HdHt1cmE_HopyQ,aXWN4oH8W-MVDchWia084g,food
another shot of a BLT burger and waffle fries,HKOFd1Bs-w8EarjEupkXvw,YhCAJ8acd1X7GkCHPhD8Xw,food
Fried Rice,MmKayLjzf6P3pDOkUN3Arw,oYWixgv1kiPV1j02TYzaPA,food
,dK2YPPsRbB8po_-hpml7Uw,3dG6AB7o5QMVQzga0zotiA,outside
,S45jndOrILLH_tUtSEat9g,3dG6AB7o5QMVQzga0zotiA,inside
,4f331opcgHH233poN59zLg,3dG6AB7o5QMVQzga0zotiA,drink
,qeoWKiZuR1_diBL3QQeyfA,FrT9Ij-uK4yjesnIoGSJrw,outside
,e9YehkmMdqSvleT46q7csQ,FrT9Ij-uK4yjesnIoGSJrw,inside
,11jANMvp82THblMRzLaANg,FrT9Ij-uK4yjesnIoGSJrw,inside
,ONIbB7vJ4g4bkv6ZcX5T0g,FrT9Ij-uK4yjesnIoGSJrw,inside
,_ZtXKHhfH5Dk_39hgiYKEA,kkmnzRWOq9mJVpQQzgv-9w,outside
,SIOPqEF-BkdvvOW1nqI7lA,kkmnzRWOq9mJVpQQzgv-9w,inside
,TQM75jHVCchxPD_BRoDHvw,kkmnzRWOq9mJVpQQzgv-9w,inside
,EYlDt3E_2TIjSvF1ILG8tA,Hw7DRto7wHg3qz0RQ2t4KQ,outside
,TvPg3PSEhom7Syl-hs8vRQ,RF0mZ-IteC1pK3yQ7lTvAg,food
My group sat upstairs just to the right of this pic,81t-Mx6HwyIusIvAjk5CKA,_BnBjRMt5Ba-TAv07r3fyw,inside
,mReqxmKcWSzSge65ekeQCA,LFs5jyYdXlzi0SpAYi1eSA,inside
Outside of Resturant,5vgRjs7hqZpdA4lJLIbteA,TZRMn3WCmP6oczhDF5OPpA,outside
From: www.boardwalkbillys.com/,qzwTkR92YL3COAuF-j1Rjw,E0vZWNBWe-LwdECQFIjnug,drink
www.dogbarnoda.com,GwVd2ZOWDbRL_V2F8izSbw,LScYNYAA78iQL6pWOqt-WQ,outside
www.dixiescharlotte.com,qaFB1ghz0FiOkjoCf5l-dw,_PSBh1_5sjqd0eOJfCpbwA,outside
www.lazyday.com,sXmo04jwJ6eXql7zBaahqQ,_PSBh1_5sjqd0eOJfCpbwA,inside
www.lazyday.com,NekZbbfp2q7cA_4JfooJRQ,_PSBh1_5sjqd0eOJfCpbwA,drink
/www.fuelpizza.com,Iqne_prspSwgN3-XAhQe-A,xFSCaBlcnDXSGFPUtYtuXA,inside
/www.fuelpizza.com,THZKpDk8-BOqdXUyizgJnA,xFSCaBlcnDXSGFPUtYtuXA,drink
/www.fuelpizza.com,ucc5UYRwPpKj7SQimso_Aw,xFSCaBlcnDXSGFPUtYtuXA,inside
/www.fuelpizza.com,oOd5tGFFfHU3sr5n3tjXTQ,xFSCaBlcnDXSGFPUtYtuXA,outside
/www.fuelpizza.com,bzBaCOs6h-OznTx-70tduQ,xFSCaBlcnDXSGFPUtYtuXA,inside
/www.fuelpizza.com,z4lOA8Ib-wvtESS8hwPjEQ,xFSCaBlcnDXSGFPUtYtuXA,inside
/www.fuelpizza.com,oo2HKplxQTwkV1ANOgyg7Q,xFSCaBlcnDXSGFPUtYtuXA,outside
/www.fuelpizza.com,vU5oKA9qbtFydAAsfY777w,xFSCaBlcnDXSGFPUtYtuXA,outside
/www.fuelpizza.com,r3O-uoN0epgTeHtxHE9awQ,xFSCaBlcnDXSGFPUtYtuXA,inside
bar,THguvDJHbAYgu3MozuINJg,1Vvxx-9AoINg8TJXOZgEHg,inside
street tacos,S-lDhDerZLOMImF-sLJ6ng,1Vvxx-9AoINg8TJXOZgEHg,food
burger,XDLPCupX-uGhDdmFvi-G8w,Md6895ZtS3FA8a0pUaH6nw,food
steak-crab,WmH_35an4paCWnLpKyv9vA,Md6895ZtS3FA8a0pUaH6nw,food
bar,uJuz9MwcTUESdxLwmYqU9A,Kn23LDd740SBVJ7mum0fwg,inside
,rwXYyqN51p0ow02WVgfHgw,Kn23LDd740SBVJ7mum0fwg,inside
hot dog,2d2j769F-i1wpspNHAsZdw,OD71MBxh6lhoPx09zcepng,food
patty melt,6gyiXChrPIGcDxGtBVLaIg,OD71MBxh6lhoPx09zcepng,food
,mJADtByPTgLMz89H0UlShw,P1hYLhzT5rHDpzGkYUaarg,drink
/www.myspace.com/thecometgrill,7uv4lh4Xv7GHp5dn-w2nMQ,9k-q8w2MsVuc1KcpwKZ2Hw,outside
/www.myspace.com/thecometgrill,Ff_a_cCZvrg5Zqlsdvc1dg,9k-q8w2MsVuc1KcpwKZ2Hw,inside
/www.myspace.com/thecometgrill,9-EMRzHWZW4kXHtILHfshA,9k-q8w2MsVuc1KcpwKZ2Hw,inside
/www.myspace.com/thecometgrill,P6A04GXPSOYKy1nI881Beg,9k-q8w2MsVuc1KcpwKZ2Hw,inside
cicispizza.com,dR07DThFmikJDR3YQGSiig,dchNeTQHfK4wP45gYkrJqw,inside
akropoliscafeunccarea.com,28zI8AIUSBSSFm53vktswg,GwAHQJP5bqBxPVPCS211KA,food
akropoliscafeunccarea.com,odnK6zM6g_jDtkoS0SNsbg,GwAHQJP5bqBxPVPCS211KA,food
akropoliscafeunccarea.com,KrU0v8WU1jGrWjyHoPcXhw,GwAHQJP5bqBxPVPCS211KA,food
akropoliscafeunccarea.com,FVoF5VdnmwXy_c1x3zXz6g,GwAHQJP5bqBxPVPCS211KA,food
Souz Dal,JbWr474gPBLrC7SpeFQG1Q,qhJ4GDULYbdb_sctDgbZgw,inside
akropoliscafeunccarea.com,qhM7e_8w0yXwj7gF4jXUSQ,GwAHQJP5bqBxPVPCS211KA,food
The Witch Doctor... it seemed like a good idea at first...,_ZOEXR4MoCxeG2wM99VKSQ,939j88ceB05Te3D7kQPwSA,drink
From the hostess station,LxMqeUiRPibM4N9uUti2wg,J1RDyyPxhioqm8c_fi4P4Q,inside
,R8_vkL9v7hSoTihGlu6bMA,K3iw26MkmSBPAM7BzHkIYQ,inside
,eRiVVdKNJ52DiKv63u79Dg,K3iw26MkmSBPAM7BzHkIYQ,inside
(photographed by Dave Hong),5PjsrOnzvEeowH8C-LtrmA,T8G7k6fm-KYX4C-GPsXiHw,food
The signature Market Pizza and the Arizona salad.,AZMWAbmju_KDIt4Lk5PZHQ,lOYwF4VUJKe2BJ0i7zZeYQ,food
The Arizona salad,xBI_3MIH3066RYLGAS5Tww,TsguKRepJOvT-w8aI1XLTA,food
Special Mixed Plate,SrFGhpvcwwTh_86n8cbIxQ,wpnLPAnkMEb1NpC3xiD_qg,food
Chicken Flautas,Nut8oOg4MGn24KrA5gwsfg,GC5wcui5uejRZTi8OCNPkQ,food
,kAljWzLhuAo2m89p7qxX1w,wpnLPAnkMEb1NpC3xiD_qg,inside
,LlmNc_l-qxBTA0UV56jx3w,wpnLPAnkMEb1NpC3xiD_qg,inside
Wine Fairy in Action,biZcuAD4vArS4CY2ITEu1Q,MqYYYNA-ZYvV-1w5qcmMoA,inside
Facing inside from the Patio,ghFYg2Ulkuvc0nnw9_i0BQ,BJ3AyMhTaORAu_e_J2KNEQ,outside
Canadian Salmon!,DsqNO8eyn17oKLsmm6KkWQ,BJ3AyMhTaORAu_e_J2KNEQ,food
The Laughing Ferengi,mMIyH4mpq5CMiS-DzfLb5A,9QtHDX71JnaQbmzWWVbi-A,inside
"God watches over fools, children and starships named Enterprise",QMhZmSiVpVntaFi0igotWg,9QtHDX71JnaQbmzWWVbi-A,inside
"Room in stone house, 1st floor",qVjmx-jtxVAicgyPTjLt_A,Zzvjuyxr1iudPN_heAAygw,inside
The Bobbie,b9s2ZBlhIo0DKn_lhI6TcA,7UtqNjjd9D6oU7UcT2nxig,food
Steamed Sesame Ginger Dumplings,c-XRLzU3je_SyRKBdVr05Q,wKvvX7nls576gHPyzKgZ3w,food
,bp1AiklbAhyB4tEDsjSHQw,O7ot_LMlCfLpOP9tBqeNfw,inside
From Website,qidlflKhdevMImfHalE14w,_T7f2wUgNlJqxsR-cR89SQ,inside
From Website,fc9KljeTvsTeG51meO4WIg,Sk0Ycurq7D083Qs8x65b_Q,inside
Cute lanterns,gyrcZ5L6AxV0PDj2aFKt6w,liGn7sPOvUuy3kcwbhRkbA,inside
veal cheek sliders - decent,zvoTz662YMseVyrSoqmjiA,uuGlYAIvYAX1q1KhpY6dtA,food
,aGttr2DHY7HVy8nrn8qiIg,2CWnWhzMBBuj-wdZ6p78Fw,outside
www.blackfinncharlotte.com,2Ba3-30MM46vdxexek17fg,FA_D4vDxRyI-hC0SZJnjnA,outside
www.blackfinncharlotte.com,UrMYpyfcO3AwoN1hLibCBw,FA_D4vDxRyI-hC0SZJnjnA,drink
www.greekislesrestaurant.com,WWHgUuw79JtdsHwmsPhbkw,vs99Jj_kVyuRtDl7rxXH2Q,inside
www.greekislesrestaurant.com,M1vI__SqwkyusjEOcdP1vw,vs99Jj_kVyuRtDl7rxXH2Q,food
Font of Building,H2Yg1AmdJLkzEIbYKNqLKg,t6WY1IrohUecqNjd9bG42Q,outside
"Don from SharkWeek, Karaoke band",bhTycOvqGX3f3rRFLx9qdA,hk-8lTJaANedCEEWLGPPPg,inside
,eLqJYQMaZojjRJ0eJYg9mQ,ZWcXoh_RO7rT2DdcyOzyfQ,inside
,qyzsfn6RpDBFXyKaggeEpA,C6uJ3mbYCuQyy9PK2rBcKw,food
,etWbGNzStJ-MmBd9XR657w,n2BKYb8aw4AhRKLkdUjQRg,outside
,9un1zfXpwMBKc3D7_ZOxcQ,dp9haMgS5RZ6i1kQq_oS5A,outside
,PE0iLOTcuCgIzisBKx82Fw,fwuWrhPXTrEh1qHWoi_xSw,outside
,0JScztuJtXtVBI4mlhMj9w,GE0OgaPz42hvKuSLKo42WQ,outside
Cha Gio- Vietnamese Egg Rolls,fcOfGvBpGpCtYlWffwFOcA,2dOS56h2QueEIDAdP9-1TQ,food
Canh Ga Chien Nuoc Mam-Marinated Fried Chicken Wings,-ZZSKZHhC9o6_zkxp0ZPTA,2dOS56h2QueEIDAdP9-1TQ,food
Bun Cha Ha Noi-Hanoi Style Charbroiled Pork Vermicelli,gNtqkgm2FtpMcfLJ3hc6Xg,2dOS56h2QueEIDAdP9-1TQ,food
Chocolate Tasting,wA24Ni6b4BMjflKLFWcNsg,YuiM5VKscO8rS1EX7f19_g,food
Welcome!,XrqdQ08hjRLUWcLAc7lL3A,huOYYw8ZgohIxZ6Y3aNOcQ,outside
Water and Bamboo - Great Symbols of Vietnamese Culture,8qo8l9JMT3260VyOwk6W8A,huOYYw8ZgohIxZ6Y3aNOcQ,drink
,MwSbC-CpbmSxf4NSagpabA,pkXJEEaWcljXgAUd7cGzIA,inside
,AgoeM8cs-6yFmQbWjdbseQ,d84_mtSFHt8xgYTly2T-9A,outside
Only place in town that serves Heineken mim-kegs for botte-service,Mi6QfWhK-vkw9qR1WWl11g,hk-8lTJaANedCEEWLGPPPg,drink
Photo from Salad King website,3F4yuG7IDX5U1qwbBVrDYw,-av1lZI1JDY_RZN2eTMnWg,inside
photo from Pickle Barrel website,qwFmzAX2ZbLZrWxVLAarIw,UYop9KYT-_mJsc2bcH83jw,food
,rY2hGfUdReCkGU_lCjs8Rw,JmZj7wzAJ7_4ksjG9WXdqw,inside
,tgElvqjmymaLaKPwDqU1jQ,JmZj7wzAJ7_4ksjG9WXdqw,inside
www.panchinacafeonline.com,48aNDzXOxQbP4JOm1d0qfQ,NxHLCT3PuylmuEDOsZfxWg,inside
www.panchinacafeonline.com,kQDEs35JIhK9gOAlpil8Xw,NxHLCT3PuylmuEDOsZfxWg,inside
www.bigdaddysburgerbar.com,Or5lDbu-SYLeQbxwqE5MbQ,yWUBX9Pe6pzh1PjVj04UmQ,inside
www.bigdaddysburgerbar.com,BpByC30jTROLETpJdC9Wjw,yWUBX9Pe6pzh1PjVj04UmQ,outside
www.latorresrestaurant.com,_iDjzMVg1qSf-gEks6cv5w,qcWaROXNmCd3JmOb7H78vg,food
www.latorresrestaurant.com,USzjI2O1Kvyb65dmp6n5Rw,qcWaROXNmCd3JmOb7H78vg,food
,-hQcHiuSAS8soxZo-GjXJw,LeuGZImVz_IG1e-SMYTSXw,inside
,C3I_BxCDyPmgyDqI-rilGQ,uCL2LeNYpYTQX13o1S53Cg,outside
,RKGEUxy9oTnGF87WefZ3Xw,w-T67Zqh14NcikZa7WZdsw,inside
Polka band at Essen Haus,SXuBUjiCUXDtaxD5mDHnqw,zjwdU1OdlbKTGjm-IfD4TQ,inside
main table in restaurant,cZ7IJOF67FiK1U_dY3gTLw,hk-8lTJaANedCEEWLGPPPg,inside
DJ Orly on Sat,T2H5KeU7Y91MCFzc7bXcBg,hk-8lTJaANedCEEWLGPPPg,inside
"another view, same party",4c3qAeamYhlx_DWl_rOTFQ,9-4UtP9kdunfJl-DvudTeg,inside
from the Madison website,Gk5G_pbACqFXNoSoUMSEzw,eSp5ge9VAwTywZKlJ_LBvA,outside
from the Madison website,SUqoqshoby9gkW-v-LPq0A,eSp5ge9VAwTywZKlJ_LBvA,inside
from the Madison website,cTbVRosHqnT4Z3wtcEjqPA,eSp5ge9VAwTywZKlJ_LBvA,inside
from the Ali Baba website,G4RKnLjweHwfmA1TRmdKVA,O4d9Cfj4Ta3ZeAQwygKIdA,food
Our Historic Neon Sign,7oypZoBNQedSvuNWbKlT1A,epvLkQNL6MOvk3s6JlTntA,outside
"Our ""Crepe Theatre"" ",BGVCGZ57P41OsDkz1p4nzQ,epvLkQNL6MOvk3s6JlTntA,inside
www.eddiesplacerestaurant.com,u6ehQ5y5qZmibyJcIudPhg,EvWGuX0eqKcZvLRgtIFHZg,inside
www.eddiesplacerestaurant.com,kE7in4ap3Ckk3pe04EFMXg,EvWGuX0eqKcZvLRgtIFHZg,outside
www.eddiesplacerestaurant.com,qv8kMOmD40vTG7whNmBamQ,EvWGuX0eqKcZvLRgtIFHZg,food
www.eddiesplacerestaurant.com,BTMontT4d2DJAibU3TDbkw,EvWGuX0eqKcZvLRgtIFHZg,drink
www.eddiesplacerestaurant.com,vWr3VxXDqUlgGT4ciMa7Fw,EvWGuX0eqKcZvLRgtIFHZg,food
www.eddiesplacerestaurant.com,-GFy22jIJK-08uf7oeNNnA,EvWGuX0eqKcZvLRgtIFHZg,food
www.eddiesplacerestaurant.com,I1EJBGoelGx1tVt8DXkMCg,EvWGuX0eqKcZvLRgtIFHZg,food
from the Kultura website,tlX9tusR-qsiLky07_q6eQ,Hc7tNpMVe-SIsLaUbNvtTw,food
from the Jack Astors website,-t2E_u7VePeBeskODakT3Q,qcDFrv2EQU9GeIAAVqdA-g,drink
Salt and Pepper Pork Spareribs,sJWBCKuolHqry2eSH1B9Kw,jfmyj519pg2flxGEQ2xdPg,food
from the Real Jerk website,nBsEbSWlJgP8o1cHyKj3iw,xGHm4DZdVjo-fLO0EkRXvQ,food
www.gallery-restaurant.com,OuG3n86uZlcvjJm9wg4PSg,_UCTo0560t8IyOq7TwJIUw,outside
,_Q1-oUsvBNyAQYVktkNYsg,VVeT1XqQYwrB_fbp3efdUg,outside
,thhfiv9FbKkYuLlP7iiyjw,kT9SuRVTapbDgFGMcg1Rqg,inside
www.lawans.com,zXke1e0zzO2uB-E7_5LHlg,IVbvOKxV9mN1OuZBl-3_rA,inside
,LbLPBtvTMXSwZEO0ZWOxTg,Qzbcq82RJKIcAl0HSoSBJQ,inside
,H0xIhzTqQauMJpHCKVcWFQ,Qzbcq82RJKIcAl0HSoSBJQ,outside
,xZM6RUz4MKv1nohHPpdWaw,jxl1GXU0MI6DJSbh9907sg,outside
from the Bier Markt website,qT0Sh01j-r6uWK4ficzp2Q,dTuT_G3Zp79RZmnF3oxfiA,inside
from the Wayne Gretzky's website,MaIGVoo2vx63W2lG5191ew,bZgfnQtLXly82_XmLBqOwQ,outside
from the Hard Rock website,IWKqb2gvfshrnYdTkZPJCg,9Z03sjpsyM4aiSSk_yiwNA,inside
from the Hard Rock website,FZP9wGRLmsTKWrlo9XdoyQ,9Z03sjpsyM4aiSSk_yiwNA,inside
from the Spring Rolls website,t8U1WbDtSlj4g_5Tl5l8tg,HroRqAmZWXywHNUCRsaQeg,food
from the Cha Liu website,ZvHvyxzDGqGt3yKK7OWJmw,ENplmnTDn6Xpbt548yAtZQ,food
,97gGypEwpvte9u_xMrMAYA,rGZtr_ZfOVfmj9aTLV11Rw,food
,z1LQNA4X1oj5XUMGquThCg,rGZtr_ZfOVfmj9aTLV11Rw,food
,qAFJU43UBNShUsW8qrMyUw,LeuGZImVz_IG1e-SMYTSXw,inside
dining room and kitchen,rtFQDHrKbvzttE1xw9YVNw,oDNfrdvMV2Fq0R6vd2XwNw,inside
bar,dzrmAnO6o8JsNnh-wbpkvw,oDNfrdvMV2Fq0R6vd2XwNw,inside
Bar,W6wXKVGIh6Ki8RBpXSFdWA,rcaPajgKOJC2vo_l3xa42A,inside
Bar,4gegwLCwqW0aDa0zYdVMSg,aKEEQqL1UFMieilnylI1gw,inside
ceviche sampler,tT2a_03USg40vqK38j4KqQ,pH0BLkL4cbxKzu471VZnuA,food
lobster pot pie,Ez7v-edL5BQSPqHik-iVWA,KXITXbKuE60WSUDs7NZVLQ,food
,NumTgxpFLuTL3KK5JApnUA,MQiNywdecInMlkW06WYaCg,outside
,d9ZGHDw-c6exL7DhYU61KA,UmVUQD4S3iesFU545wnRVA,inside
,YlEmnGSKW_mr4CyLHqVP2g,6ALBeke4yZcCorqLMvpFoA,food
,bcDc0HLoWD4Rd-NnlvIHYg,6ALBeke4yZcCorqLMvpFoA,food
www.thecounterburger.com,mXBJFmtK-XcKWoLjI3DHOg,bmcxT_geMvzExMb6Hpifgg,inside
www.thecounterburger.com,w_RWW-l1CsoMPJMT6PBlSg,bmcxT_geMvzExMb6Hpifgg,inside
www.thecounterburger.com,zfPFLKUyJEfB19j14hAQng,bmcxT_geMvzExMb6Hpifgg,inside
www.delfriscos.com,2CNE_nbBTR0IXMiZkm0R9A,sAXy1yJRLllTm5WrJbJGAA,inside
www.delfriscos.com,zgbRojj7r6Fwu0ni3SSWXg,sAXy1yJRLllTm5WrJbJGAA,inside
www.delfriscos.com,F65CatHWVcB23V9F_TFItw,sAXy1yJRLllTm5WrJbJGAA,drink
www.delfriscos.com,Cd1Qb8SOFylR1nywd8VhVw,sAXy1yJRLllTm5WrJbJGAA,food
Ribeye for 2,Iqfr9ysZ1YWg2m3St6ET1Q,7fxebHYUwIF6CakxSr70iQ,food
from the Freshwood Grill website,mjMhdl07VDkciesAuvS_vg,i7Ssyx4l0H_CujFD4lpH2w,inside
,jpXDWCtE8xSqIoAlHhhaEg,QxByT5k1Og8LgddjHI9kag,food
from the Urban website,y7mMom4Rz9nj8SxwRFExuA,UDKAqeNly36J_VYvxWxnnA,outside
Even the bathrooms get in on the act.,ic1yNe0nu9HZEuPG6-bjzw,u_-PMjrCpr9EBRmLSWCEHQ,inside
from the Trevor Kitchen & Bar website,lOrQxNOVANUt-ytBf7onMw,cgoHLKJLsAK1ww0_ezNFnw,food
Fynn's of Temple Bar,DJ_ME-A7-9fUqCu2M72eGg,8nv2zN73EqHMI9eHeWmX7g,outside
from the Fran's Restaurant website,EZDg5K9vnxQSJQPMuxN04Q,dp9haMgS5RZ6i1kQq_oS5A,food
from the Nami website,2DW3H6uXQBzPpoPeOipuvQ,bAdlbqHs4ayJxOXOUFQDyw,inside
from the Ho Su website,9_McxybrbVWLm-lO7UsHEg,QTSCFDPcuROE8UCvGS8Fiw,food
from Le Saint Tropez Restaurant website,rSX3DQi3fK5ZzBDMYTp4wA,0Xr0kte9ADAfZ-GBO-wimg,outside
pewterose.com,LFEdkJRHS6xws79DnF7FFQ,a7PdFUBBlYSn1Ay4ocsTJA,food
pewterose.com,1X6_2LK1VfmSK2pDpPOi_g,a7PdFUBBlYSn1Ay4ocsTJA,food
pewterose.com,JzPLjHCk4YVlm0vCkkQ76A,a7PdFUBBlYSn1Ay4ocsTJA,food
i believe this is the grouper,_kAiiX4dUBqDRklVdvh0xg,63in7ND_-TPVVI_J12JLRA,food
from the Dakota Tavern website,-l_shQ-JdKhL1YZIO_yXHg,-EX_qttyhm5YNb8NWtAcCQ,inside
from the Dakota Tavern website,ZhlR9_gcizgNeTHFWZpwzA,-EX_qttyhm5YNb8NWtAcCQ,inside
from the Fast Fresh Foods website,5Y_3BR6PreqN1q-SFx8M2g,QVeAZXzl9i7mdMcxI5DVfw,food
from the Matahari Grill website,JQrzv4mcNtuP4qDPOHLgUA,j76FtDF70w93QKrcnT9AMA,inside
from the Linda website,LHElF2Q0tx6JRjwSs7nfPw,yM7O2GNHs6L1qQ6lqVTb6A,food
from the Linda website,UuxdortkiAyMYDBJ_T2Ifw,yM7O2GNHs6L1qQ6lqVTb6A,inside
from the Pomegranate Restaurant website,_1af4uPGQTidhJ3wCtOg7g,zrYpLdnGKA_EmOhgRCy_vg,inside
from the Mistura website,GfOLVmY6zUnCrxre9Y62Ww,fDkQcos3MqqCYGWfl64iiA,inside
small candy apples  ),eI2Fcy5T30nq5IN0BEfTog,2weQS-RnoOBhb1KsHKyoSQ,food
from the Korean Grill House website,C_gvTNdI3_OwE_bzuUezYA,eQel7bUz75j0AVKnfsillg,inside
from the Korean Grill House website,G_0vxCY1E05u-_1_OihwDA,q0hAKzn_LmyUiScCuWS4Hg,inside
from the Korean Grill House website,FWjN7PidfH2WXggcIzBb6Q,q0hAKzn_LmyUiScCuWS4Hg,inside
,cHgtTqrEX86vm7wImxSDGQ,-R8-4JRe8mUDHc1pbWYgiQ,inside
,PT31pJFZRAPuinq1fYpg2Q,-R8-4JRe8mUDHc1pbWYgiQ,inside
,hB1to3o5wxWgcVWCVE3Dzw,K64Uw3a2Enh2MznpwRHWKQ,outside
Jerk Chicken,Zpw75aYt9ltEKs9F_EgmSw,0C46YhAdmNrNiUAmAq6W0g,food
"Strawberry shortcake. Macerated strawberry quarters, financier, bit of mint.",XGhtHTk5xQ_gghLswhhJ1Q,-3zffZUHoY8bQjGfPSoBKQ,food
,kcOFiXSzvN0zbBPtk-uSew,fwuWrhPXTrEh1qHWoi_xSw,outside
,16kUQB7LOH03EUkKlAP4nw,cMybOpJd352Cb6y9SeVhPw,food
,57PPM_fn7kwJ1CHM3z58hA,K7rmxZmtoE0_U_40459TLg,inside
,1V8tAO5DTmIt-08Y5q2hcQ,K7rmxZmtoE0_U_40459TLg,inside
,p2xb8kmxcN8eW2FKRYi4dw,K7rmxZmtoE0_U_40459TLg,food
Tommy! From Co. Clare,j9xiWNqta2DrXrvgaH9kIA,V9bs-9SqhlryOCLy6vk6gg,inside
Happy Hour,ZVCCVlHyU14j7J2aDbYx_Q,V9bs-9SqhlryOCLy6vk6gg,inside
Happy Hour,_71mpwyVhl8lQLpbNGW9-g,rW5N-fiNhqb-fR3bGqyPdg,inside
Happy Hour,JBPtDHu9riSLrpaSYJG8HQ,rW5N-fiNhqb-fR3bGqyPdg,inside
,1Es22xWN6hpdE5lSmEhP4w,6OSaK0K6c4YFMtb8DtfY9g,inside
,AZ2k_UrWUMGjMWxyXi9o4w,6OSaK0K6c4YFMtb8DtfY9g,inside
,vuxTZZSFrlyGkn8bvGwBcw,Cdywb13_07M1_g3U85VKTA,inside
From the Brixx site.,LuWdSil3ifP5dEWDme0GEg,3Ui-76sC9_fNs2gu8ISAMw,food
,TYFxIUZfDvtwmDL_MnUjew,kWnxQuHCVq2lZGt-R2j6MA,outside
,wwlgr6r_yP8khazYkL4ZTw,eS29S_06lvsDW04wVrIVxg,inside
,D4ZQTZV92B8jLQrKv5zavw,eS29S_06lvsDW04wVrIVxg,inside
,HlkZjYNg0-YaUjcUIPtpPw,AyEtowSGi9vx0-xFfrgjWw,inside
,ux-azWn-GIRkxTO_j1GkFw,-vCLrTTgw6pBufdarW8ynA,outside
,gdLU0VUY_P_fPB0rvYtUTg,rtlsfmdufArhk-47sWIf2w,inside
from the Michelle's Brasserie website,t43auHfm9Y9eeBfXN-2-BQ,iomyYWs9m6-SucLAcY3WTg,food
from the Michelle's Brasserie website,2dAuJ_2rVHxzxXvZ0fO6Jw,iomyYWs9m6-SucLAcY3WTg,food
,3WiovJEd1ZGGlGZbUNGzuw,rcaPajgKOJC2vo_l3xa42A,inside
from the Penelope website,HhVt-QXoZkeZ1Nl6LSQpVQ,aKESUG6MntqZNvC0DiFcJg,outside
from website,joX17PIraBhYLX4Xr_u8yA,S2eGygYWQB2yyb3-neKTlw,outside
,pNWB__5IksOS9g_qiBx22Q,KXITXbKuE60WSUDs7NZVLQ,inside
from The Host website,0YzDftHtKMqd0MwSqsRY3g,o_sq_rvTBo59hm6TkDi6tg,inside
,2dysq35BkrO5RfMeDxuvVw,3CG7oBD_k85M8jJ_JlhL-A,inside
,3LsgXX8zGC9LoIhvvlmCfg,dAQySRBaGOo8GNYsGaQy8Q,food
Mexican Rub Pork Tenderloin,Qqyarnuf_QVxv9RXkMWSug,XZbuPXdyA0ZtTu3AzqtQhg,food
,xsZeg7_OqNM9zkJipLVTxg,O1TvPrgkK2bUo5O5aSZ7lw,outside
,GTxN8-RgwBk3S08sKOdVAw,Yp9w4nhUowBU_IS_StFXbQ,inside
,CehqDHEH5TPbugh2vXMZPQ,SotrpltgrAJBqNGZlbYUNA,outside
As seen from the parking lot,h6LASsstm90wFw78vMGU-Q,TZ0sFZnJi1w4CM0IcA4T6w,outside
,v3kztAF1m18QUhes4o0Tag,lQ9VmIWvM6v-rONPkYX8aQ,inside
,LxSMDE0sI8TCNUAWi_hJ_g,wlZceADqZ0m9Zw5qM4y3qw,outside
It was Ditch Friday so we dropped in to check it out.,oVpWK-24CuqIrdesQQ4X3w,dT9316C_MJjATvv7GByROg,outside
Ditch Friday at the Palms Pool,cc-U23qz3TDDzAohZwi0CA,dT9316C_MJjATvv7GByROg,outside
,CGHocZ1nUt9ottLbDlPwWQ,gB4JpmmLKClE1ZFAwFWBJQ,food
,F8LdFTd2x0QhshmpmDNNoQ,cwCLcQns_SSExsBCzWNQDA,outside
,pDFfK4ftK9c5bKSsCT66iw,S2tS29tQqXPrLWP3iIxEsw,inside
,wJX_RGWe6AGLvrPBiwiCWQ,S2tS29tQqXPrLWP3iIxEsw,inside
Tree above the bar,3qzwtPlFyBaHbahR27vT1g,hAioxEk3WU-SzlqIM4TI7w,inside
,s-i6fI6mDdeVq2MQaA6QyA,NbrXg59fYR3MoeXdeAIQIQ,outside
,_xNeyJkGyOyVfwxb9enXJQ,M4BG7aWQTNNbVRUWRZwCMw,outside
Photo taken from the official website,dFzoujpQwisFUkZ0nvOHyA,n99QIgKWw-dh051OragJzQ,drink
from the Old Spaghetti Factory website,rF9S-lchthrpraB157kuSA,hlrZHM4D48XiQtXh6cRg_w,food
from the Cluck Grunt and Low website,nZyRDeHMyKC1Cly2HOB1oQ,9B8CwOtI2KHXg1_ONF1feg,food
,E9tDnZHSLW-feC1zDh3uvw,-R8-4JRe8mUDHc1pbWYgiQ,outside
"Husby at Narah Hookah Bar, September 2008",7K7j-opkXPRbvTiy7TCPXA,T7SyhtIh-5I61azVt19iKg,inside
Verona,O0NA1aeqwIXpbfwXXihzQA,3q8MtOEIJ6nC7kVv_8Mfgw,outside
,b0s2ZUXJO-t39FWZScC4pQ,Z072pEHdos2Gjj3nMdR6uA,outside
from the Fressen website,YO4DinRCxYEmjz0fKUJr3w,CDjcqC_y7D14jZd9kKmZ9g,food
from the Sassafraz website,aJn1geEnmwHOQU-SWO1-Aw,O66Zy8Y13VBm72ZDhS4fIg,inside
from the 241 website,2jDdkapiacxYA3RY3UrM6w,u4wlIcfIHA8fhnszID8NqQ,food
Courtesy of Pewter Rose web site,_yXOuR1qkbCy96LHpy2itA,a7PdFUBBlYSn1Ay4ocsTJA,inside
,zD8AxpZsh0JAou4wOO3d5g,Ch7NAhB_MWSDwcNbcptEKg,outside
,pXr26fogsU0fnvQUVlZYEQ,SzxOy1hNMGeZPnhzbhMSog,outside
,Zktv7f6HLg0NDJh1xUW7ug,RmoAWAz1xKBoCfxfjHBKbw,outside
,ZuZETMDy22dGlh4rn6ssqw,3uC7Lbc3RgUDTWQlBu4PqQ,inside
,KuLMs5TK5K0Rnq7pOiX9dg,gC_w4Drc1QuPryI5Cz89XA,outside
,257TZxDYIOxPfDzWu7E0wg,ZxXXyWTe3z9D5Z49P6C-CQ,outside
,no_7djOKA471M_3ZZzfI3A,tZnSodhPwNr4bzrwJ1CSbw,outside
,ZFWKAL2aShvFp8yJQ6gtaQ,Fr3Dz0_fOSGBroXEUF9BiA,inside
,son0SzsnZv5MOkbnNIDmfw,Fr3Dz0_fOSGBroXEUF9BiA,inside
,13aGht7Vt5XMwRV8CIN1SQ,2AcO-aHnBqx94dU2Z4Em2Q,outside
,T_DJ116uUrVNIhkPRPoV1Q,RfniramWeD6QY-2WsKAhvg,outside
,wYkyq2SoSmWnoeSsE-9LOg,hHe1mFDxxrtejXHfiysJJg,food
,9wJR0HuU6AWSaUD7OujbLg,1DaqBYCDuBwooGNPRv4--g,outside
Special Menu Wall,-0pHxOrb8K-ciAHRKR9PEg,j5nPiTwWEFr-VsePew7Sjg,inside
,jqvD8kYTVEEEJDZaXfC62w,xVEtGucSRLk5pxxN0t4i6g,inside
From the website.,Vo_iYfoU2Fv11x0WVq8l9Q,Abm-1HRGPyevBtnC3Rpxag,food
,TYV63kvspkcCbz0DgC3WTw,7LNuQqjcjAn0bBlGHIiQzQ,inside
,5ZBipILY1WkhDmPcXbb5Zg,s7lZ-_yylRPRXOxFYtQkCQ,outside
,pmRzdkpaDRbwtYX6FmZOOA,fNWHcOdNAjuK7jpEsiYeNw,outside
from the Vagabondo website,eF5Sx0Pewg1geDRZ5i0h9w,YSUcHqlKMPHHJ_cTrqtNrA,inside
from the Sultan's tent website,N0auEZr0Vk4FH2BM2dLkHQ,t1mR_Zff6Dqv1TueE2JLEA,inside
from the Fune website,nG-_2oETXVaFhCaM0YX89g,FkJTuuqeJL4jHi2FojX_fg,inside
,3r-oiBIERAvgrBi2-ANhfA,Mul_BVwcnhqmp2h_7QFepQ,drink
Exhibition at the Gladstone,3mOmRlb5fzKJJ9uObLxoZg,JmZj7wzAJ7_4ksjG9WXdqw,inside
Scallop Dynamite Roll,7X0iy1JJWyqIQy093OyIsw,W9NUdpRX7gLXHLM2-NeKeA,food
The front door of Bradbury's,7TS0Alifi-xWgASGVDfWEQ,0ETtpZSd6f7q_-o-7gutPg,outside
A nice long counter with a great view.,OLX67OIMoh4Vvyai3XMAlw,0ETtpZSd6f7q_-o-7gutPg,inside
from the Spacco website,ti7VjPRLC5SAN5GMJdEppA,pVntIctjRuspaO_ULf5zOA,inside
from the Indian Kitchen website,t6vbyQHVwg43S2DHGhr4Jw,K6Q4jshtcZZg6giPn5NQLw,inside
from the Burro Burrito website,k5Z4k61vgIVQ8OuYH4MCzg,1JDRyjdfkE_iSwUGs_ZX1w,outside
from the Keg website,uofc2fv4DwloZDFHJNrFEA,tCjlXROlbcaGiBRfU2jaiw,food
,yO61QCSdpztnZwaWN0ADCA,IeK0nzbMPbWnUBIPB83v6A,outside
Dunn's,hz2cIjoAlUAeoq1E90do7g,Av8dB9NTFsNOWqrcBJd9Xw,outside
,EyUibu796FWTBUGokSvgjQ,ACipqGe2moRp4MwANsxw-A,outside
Interior from the website.,D-JZZIW-_HfDCxGKa1XQmQ,YzMUZjUMcgI-NSGu48-nIQ,inside
,4yq6TVgtNuSsC8r5Km014g,ml916FaOdF870Jrk0ZQETA,food
,GOmYvjEitc3gOldgsjCPrw,YNsh-CuvTm--1g3buJtgIQ,inside
,_ruLIPLiIj68u51suDLfYA,25c15dEPrBrWr4tR1r6sTg,food
,7LPLVQFsr55j5-BSQYlw2w,rvnTFEq7R2ZHg0_CYbBNFw,inside
Olives Restaurant,bTQtnZJXAj48U525FIaM4g,TvNxCwvIaHPO4QL5S2MzTw,inside
The Dining Room,gVZSnRvH1oeo9hFIWa2P-A,PNTyiqS7R-0c1ofxOfDijQ,inside
from the Richmond Rogue website,FyH6jMQIl5VDLhixI0L4jQ,gZGXnZ1g5rlaNV_kv6NrFQ,food
from the Richmond Rogue website,eLM6sCjwR9b-xRB2xF-DRA,gZGXnZ1g5rlaNV_kv6NrFQ,food
,xIahGxbnWO4nd40oHZHfxg,OR6iRk0vrMzE-1gLg-WYrw,inside
,Smfqw_pN7Wxas1BkhEcaIg,dTuT_G3Zp79RZmnF3oxfiA,inside
,HpIMW8uGyV2BC5TGto3n8Q,uyIfsow3XxON9QJK2FTaXQ,inside
Cutters Cigar Bar,IalRoOebBG_C_ieVoDZP1A,dfEtXJeaHdaK7lufX1QCSA,inside
,g1WL4GDF5IfDJKKwoafFYw,JmZj7wzAJ7_4ksjG9WXdqw,outside
The Melody Bar,OkT6gbJa_aY-U_LLnO1-vg,JmZj7wzAJ7_4ksjG9WXdqw,inside
,YEoJbGzaGS_SnHauuN8p5w,TWntQrEWrZz8wsaAvHve4Q,drink
,zflP2GbSos_x0vP_yCYZHg,T7SyhtIh-5I61azVt19iKg,inside
from the Colborne Lane website,yVV1deQxa9-oxb4TYk3JGQ,k5jh4JYOr3mEJ3UqmhROmw,inside
from the Corner House Restaurant site,z3RON1yh6UNV1PBgaNS_3Q,KvbvfyI82dJMgo0NZgDgLg,inside
from the Corner House Restaurant site,CvF62cow5iY5aiZaEF725A,KvbvfyI82dJMgo0NZgDgLg,inside
from the Golden Thai website,ub6L5i4fglCoVCB20PqDJA,cB7FhpOwFCn380G6WGpJzw,inside
from the Bishop and Belcher website,Jl2YvQ_u2_ok8Odo5Uz41g,dDTJv37DK257kf74ZPBcxg,inside
Pepperoni & olive pizza.,2gifkntDdKwzbAkFCnrgzw,N0apJkxIem2E8irTBRKnHw,food
From the website.,xH-vP1j0jR_BEdWcBkjDQg,IdJw-ZVnIXmWRboBIVADBQ,food
from the Insomnia website,h3wkzWAVOLd380QPFqoAUA,e41TP5cXZqSrz50xCBJqZw,inside
from the Real Thailand website,Y_FNdv_H9x9b8OkYAax0-Q,d0hNEjOl56Q8NNnYmdBLQA,food
from the Opus website,bdlSEDsPY5doKZyz6Ldjdw,1PJpo48hSChCbriXEHGSjw,inside
from the Bedford Academy website,NxuKBz0U7ZtEadA5QQ2yRA,mw2TffuWp9kEDd4EPPZ4aw,inside
from the Captain John's website,WZGbPQqO5rabm5C8tcdORg,mfgNzYPo7fV2uBcsyW23DQ,food
,OwYI6XKANiH4scQbPEmyuw,mfgNzYPo7fV2uBcsyW23DQ,food
from the Pickle Barrel Restaurant,i0Y5PMNNiACZCmdrdhMXEw,Lk2I8GTjKLd_R1drktNWNg,food
Kiss & Ozzy cover band night,VBBZ5PoIC0QaeuPV-KcEEQ,JF8bpg_kiPgn08p1HMgZRA,inside
,NwNESWPF9jgQfvwNwKarMA,5H7AyjxmLGuEjigfXVApZg,inside
,6VIHOos1sRbLz8aKt-mN6A,BXx77WXfoAQaJnQuHquhCw,outside
Our bar is for a great Happy Hour!,Z7IljG0jusUqgD4bPaJonA,0HwrX6P6lh92F0f-A_QzjA,inside
Fried Rice,xrgRTmnlw4bDhzfizPSYfw,ixAh9crILnJ9tM8LhWFhkw,food
The bar at Rumjungle,mmuQfps5uiizxDYcxEUXzw,-nKIDHXa5H23rq8d6KGT_Q,inside
,M_gZSn6JmfP6G2FCSMblLg,wiPtQK7_QAkUUMQtyiaUNg,inside
,mMoL-D0ibNj_jNW4idmikg,u39P4LlGpCM-WvxrJEDS0A,outside
,Wu4PTuac69DFllja3XKnDA,mkAb0midYXqRLFJI1CHLWA,outside
from the Zen restaurant website,kgXQbKRHtW1r4YPnY-0vIQ,qgB0b1SgA8TRC72bryxuhg,food
from the Prague website,gmPSz-uNdmhMDFjxh1ayXw,OIB6OB9cgNMh_Q5y5pSKHw,inside
from the Niagara Street Cafe website,ZDhizENUkJppW2h2e5kGQA,WsOqIVMIVshUis9kUkG0KA,inside
from the Niagara Street Cafe website,ZRCN-grIe2pJs2pF46ai3A,WsOqIVMIVshUis9kUkG0KA,inside
,00CBHH8PNZ0-sikY3TNXog,QF4tRJ-ot7dYwebAsn0seg,inside
,bLPKMJEatR8t6Fy2ayrI5g,PbOnLu9ZVqG88oVem8_khA,outside
,gmrLqcKtN1_XibiCFsmmrw,ZSCEkqlzZKRrZUz98CXtNw,outside
,xcZbG_JYFawhBgldGKWGkA,8h4Xngi0h2S3_wY3rg8dLg,outside
Arrowhead Grill dining,Xqc1O5L8I3Em3gxgg617Tg,qdHFUvFhZjvNie3cZiJb9w,inside
,YyKL3aghP6EeMlpSQ01Lmg,ROuiI7sWhEMLodSylU2Qpg,outside
,cdRpQ5df8c494qrd7AFq-g,RWYQMss0RzbtDGGwRI3iaQ,inside
from the Art Square Cafe website,xla1JqW9VvSpinSv23lJ-g,hMmmvyRtweNBSPMbMCpnow,inside
,sHyQmZ9o6S7Ng8z0LUwYog,YjAo1DBb0YuPE_RWmhNyrA,food
The fry-up.,ajS5wbjP3qEGngzJCXF8eA,F9_VdKmPyvEcqWSVVGkNNA,food
,yt6IvJi3F2VVMvH2JP1mzQ,FLyufyQmLXnQzHhfWpNB5g,inside
,3nVzc6QS-NMBGXrn4wnIvQ,-w2WaIQWPH4iNeJz7IZKDw,food
,nR_2FQokVpK44iXlfOCHdA,-w2WaIQWPH4iNeJz7IZKDw,food
Gabby's - Beaches,8XCm8XQWkwh7DJBJr0OzVg,DfLF3QDZq2RA-8J3Adrxhg,outside
From the website.,jpMGsZa2NGrqIzyxlq7eSQ,0E4I4sEa7l89AdnDF-wjLg,food
sushiya,ccJ7wPCgh9p4Ou5gA4XMdQ,H_yoEB8N8CeABPuLMFWEzQ,inside
Lady Bug,FSxfNFjbKZlTHRtiW01ZMw,H_yoEB8N8CeABPuLMFWEzQ,food
,PCpQWjxU7u5IElr5SOO8sA,ZhhJtilWRDryTxeXF1kVWw,outside
The bar area,RMKKsZYt4Xsyq3nRGFPqdA,ZhhJtilWRDryTxeXF1kVWw,inside
from Chima website,6lVyM0dUbB7If32x4HkzQg,tInrGCzll4k9hF34Ye1rvQ,inside
from Chima website,ZihVgGSKnZ3wR-ia3XuJUA,tInrGCzll4k9hF34Ye1rvQ,inside
,xUBRpgUW8hxj00pdMLi2Rw,bmcxT_geMvzExMb6Hpifgg,outside
,j2UZ--X578yDNq4V14mdDw,ATMiPNPxN-g1ra7nar5prA,outside
,IB45YsZsMuMmiB54e9z2AA,ATMiPNPxN-g1ra7nar5prA,inside
,ITkoVTIZ3EzMt0NlTYQoMg,fNWHcOdNAjuK7jpEsiYeNw,outside
,cYRQJOF3C8R-8Hy2mRLN3Q,U2m2dWLuo2QfuYKvRAJ6GA,outside
,VdGaejaw5A28Z4pLyBn7mw,YTCSaFHzEZJkdG56gxY9aA,outside
,fKssWI2462Q2FaG1US2TLA,SdSVK8-h3C-JxpOmasJsiA,outside
DJ Khiasma,_ftvZpTNuFqaV66J8n1oaA,jpF_FwRNCRqjNh7q37gLlw,inside
"Two of Korova's Proprietors, Engaged in Hijinks",GWY5Bo32QkVrl20FRQRG7g,jpF_FwRNCRqjNh7q37gLlw,inside
Mini Yellowtail Seviche,8jlkoA8wloO4P2jKexbUQw,pH0BLkL4cbxKzu471VZnuA,food
,Zii0bGOowZtVDiZXfsGFxw,uCDVOidGLpD-Q7_y82nx2g,outside
Photo courtesy Brewster's Brewing Company,M1jDvGzlF22QtzwtFx1qqg,VnOGWODJ7ZREYij0rpB-Xw,drink
photo courtesy Little Caesars,qeBCCzwC8FVkZCc2Zaxptg,is7FDFdK7rwl_IFHj7L7xw,food
,4nv5EUmTin1qdy9_aUmm8Q,QTSCFDPcuROE8UCvGS8Fiw,food
,pHLEvqj2FqLIIulmXEFt8Q,eQel7bUz75j0AVKnfsillg,outside
,WaBiyT07L4sdBFQ2iVgI7A,zIk53Y8P-N7Y46NxYFhL1Q,inside
From the website.,whpdGvA87HiXCRwxZOS6uQ,nWf4u0Em7BCQl6kr_d_jww,food
,LwmxqsUb4P7AEpAWP4g0Gw,OYB1niC3P2qP8Jf0bigB7A,outside
,tYuLwpXGHTvRMyTsH6h_0g,pbIWelv-9YJEpQ7LxE0FOw,outside
,W7MIbhSeeNgDgSVn2b9dhA,ewSh93zoRx0DIWRKU-fFwQ,outside
,E95t38a4LoYhfM52B7W4Tw,EzUZU_y0ooTGbboxFck1Pg,outside
,dvXFnsDRCwkPzZ_YcuwW3g,8OeHn9KCbICuRBs_XiDDUA,inside
,8b_CvqpfqNktusYAjDqasg,Cr4ipI-tr-R8Q0NilkWNkA,inside
,KYJJUiUBnJHGxPm2zElqfA,b-0q4xbL6EWYUqnwqcYM4Q,inside
,97xF5p94-iOPoCltAopP5w,jYqOPpSmtKbKzf0Z_g-Oyg,outside
sfogliatelle,hf__h6xcP8tEBIkUA4W7Rw,XPgurhZwZgNAwHcrpoe3Zg,food
,guklfwFFy6I2MoRhwc0EEw,5Um7y3o6RQUjKG9dfUXRBw,outside
,AUqU_BMaYoc87aHQDEYOBQ,165eSyTOWmpfDfWDXo4f6A,food
,2cq-C6zmj9v4P4du0Crl5Q,165eSyTOWmpfDfWDXo4f6A,food
,gTPcmPzK_07y32c_8kw9Lw,SkdDestSlipSj43lYgskxg,outside
The Bar at Barrio,aJYA84jyui79XYCWF5_oUA,eS29S_06lvsDW04wVrIVxg,drink
,2CIbVEYMVGJ9YBkkm52-jQ,cTbFJzHQzFSX-z3JF4abKQ,outside
cocktails,YTTf6zJhVBLRR3ecOrXr7g,ms7cmWkPiSBDTnz-1sv2kQ,drink
private room,sLtRyOVmpY_DI2zvzWYy-w,ms7cmWkPiSBDTnz-1sv2kQ,inside
dining room,uQfZpQHdnKCWxfrJ4rPr-A,ms7cmWkPiSBDTnz-1sv2kQ,inside
Fish Taco's,EWBYDzmqIcuKOdbGSTa90A,vW65SNLam99SyOuVagNuvg,food
,HCVfxBpZ1lVJ9Wm6tpo7jA,9mnxjwDqmg1vkgovZQBYCg,outside
,mMEvYnYEJuWppg-C_FfDkw,b-wEkSnjS9VSSymJI7Z_5A,outside
,nBadpAyKHczx9bbJVX_Dzg,tjw1yJdmatifLYHbsI9HGA,inside
,SxOhEEUoN51vZq_MJoX39Q,bhL5qIJIhh-wBzzAn7mapA,outside
,GpNGtkmlKk2qapYwOWDUpQ,UEkVIy9GjXSvJ-AY8gKxNw,inside
,_5WmZElVXU9NDphX-DbaEQ,qcWaROXNmCd3JmOb7H78vg,outside
,8cpwC0zH5A7MeEZfPGV-2Q,-R8-4JRe8mUDHc1pbWYgiQ,outside
outside edward levesque around 5pm,AxyBnWTotvtrHkpUE2wEjA,_X2GpJvazUrhRUgFn6Y66A,outside
"can you say hummous, labaneh, babaganoush.  i can. (photo from website)",aWdxFzHQnJROER71h17KGA,GSz_1XmiJjMroo0EocXXtw,inside
smoked pork ribs,youV-mF_zRVeEb_6CW7LZA,l_aHtzAhgpG9h9tZdTEklg,food
,ogEVLosZoevpJKdNu7DOsA,FcvWRrwhjIqktji6iLpaUA,inside
,evS9lQoLABIo_c_uT6Ptxg,kxo3Zz_JIEUGkJHl9kUiKg,inside
,C9z4WkdPofIGw1ZcFbGCSw,nY2oBwH3s5sKox1mERIoVQ,inside
,GjOzfJWQM6r58dlpX0PVsg,GE0OgaPz42hvKuSLKo42WQ,inside
,4DbPvgYL-CbPDApqDhpOlA,y0cgy0tTh_C8NWCk0WGgjQ,outside
,G6ddMSzRD9P1SqN9Ia9nJQ,EhGPj8iJDIdaHnWg9d5BgA,inside
The Steak Salad,jWW-C-TY163lOhZhW5fXAQ,utoTa3Ngv_oSfB5TIMgN_Q,food
Back Room!!,loy6wlivw4Cp0sQcfUasMQ,9WAnQD1nj1j3zLZ7ONtvfQ,inside
,EGo6vEwLHyRg0V11lqtiCA,jPqrHW9lXfdtQDmm2wzyrw,food
Sushi Bar,LYIjL8xbC7GZvl2cC2BaTA,3oajqiPFhYQJsHHiVCchEQ,inside
,slVT3hagsA491SN_JiiUwg,bRmb81XDG3E2SOHARBLTog,inside
,8-CEanTfq0IzRDpbHiAcZQ,CDjcqC_y7D14jZd9kKmZ9g,inside
photo by avenue diner,uK90heMN0MBLrufYeAEKXw,G0s44bev_fPGv9Gwtb1vFQ,inside
photo courtesy opa souvlaki restaurant,n-QdQ7prpVm9zZf46MySRg,hQE96Ru_x_f2oKQEBrzwKQ,food
,ke2z4Hq3b5-iH19LKGkiiQ,yXiDD18UV49-7UhA6dWjAw,outside
dining area-photo from website,vPhQdsFq2ccttmZHjKluAg,lJOGYkb8_n77ixVh_3zaug,inside
,yZssHwZctR8dVzbFYFH4JQ,zB7xNyEuGRR0i2cMuxf6CA,outside
,joE3HApSqN8eIJfmtHJC2g,2_Sq1VdEUm-aN2gVR-DwBw,outside
,DBGkS65gtM3aX7m0h97HbA,ZCXjNG1EBFiKKMtR9DOTGg,outside
,zEG1tE0QUHYxABkCm77d-g,Z15a7_8FQ82_baSJiqMoIw,outside
Corona is coming soon! Almost ..........,LajEk1059taE_BqZltenyA,WOz66UuVsfc2K9GxzfDnGg,outside
,szij9TsAJKMQKebaFdz3qg,yHz7GHARkl59UnqC8nsQKA,outside
,e4NPVmkObJXWQKPgCk72Tg,9Jc3W0aR9Xf2gcHI0rEXsw,food
Mantle and Fireplace,4fSAbDiRKLeZYClvvGsmDQ,LZxSxY98S7l4a7tJiTGufg,inside
Sitting at the main bar,ZQ7NJAI-2L4yjIs5FFDoFA,ALn_0f-Usn3n0a9WBcjhhg,inside
great friends,sd2rDgYYERWQL5iO6XN88Q,IJx1rrQPU5vNxCgV3f4MYA,inside
,_jrG5Us2SbNyqwyyULnJAw,26Uk74dNTGysPq2ceaj2OA,food
,qIHqVtUDOMgA1y5_neVORA,ZrsDrRhx3rnR55dXbiQSzw,drink
,SoMw0S7oq7n7tuKyrJbMSw,Hk23q6nZldSXkT6FZCyU9A,outside
,ystntO0LaQIAlbtmvWPL4g,Cr4ipI-tr-R8Q0NilkWNkA,inside
probably some of the best fries I have ever had,LPAbBFp-TAgW6OA1urV3CA,J1RDyyPxhioqm8c_fi4P4Q,food
VIEW FROM FRONT TOWARDS BACK,V4zYcBr2FvS6dU3VkKny6A,RXESkOgqAYGoujYTqy2KNg,inside
,DZaKnM4RSPoHRXIlYsmXug,XR3cgHa2Zb-qKIRhY3Nokw,inside
,5Sd2Xo5xi_AsTYeEqaRZ4Q,BOml4YRmKqx7MiEVvlUadg,outside
,MMFOr1fiG86_AjtYV7C_5w,1uAYx8wgiRXNB_I9g1n8eQ,outside
from website,VxYck-Mnl0Mw_1psJ4-4eg,SBPttAVjzEnN3VE6sKiaMg,outside
from website,zCObfp5rcjzNZlwatxQNfQ,EMdlJvCTuT_sylNzcElSLg,inside
Inside Centro,s07cAZy6P_S6Ac4Bp4Am-g,GfHBBCi6LJAPVFTcCwu9aQ,inside
,G-Sg0tA0uKAjiV1jop_UJg,mfgNzYPo7fV2uBcsyW23DQ,outside
Camarone al Mojo de Ajo,TlcxyiJRRQYvUBhZvXR-ig,y1VInN5m3RbHU59kiQbmxA,food
French Onion soup,bXCWCPGIKZqcdJoc8KhuRg,rXellZ1PeLnwI1jfz5hB7w,food
,izyHYsV-VLlAvemkuYs8OA,8-IjG26VnlXLg1N-0AvHrw,food
,JWdl0u4P-4JkWz5k4UtcBQ,8-IjG26VnlXLg1N-0AvHrw,inside
,ljbcwwMQAWf89S7Tgytr9Q,VWJ5ek9uX-VFsD9Tiy2Njw,outside
The fam con Chris Bianco,--e5MrN_xGOJc7NdiZUfcA,pSQFynH1VxkfSmehRXlZWw,inside
From the Bar One Website,uu3mgAWnVprC6cxdJ7rwJQ,sZMliOne4mADZ2-CqeanZg,food
"The Ceiling, LOVE it!!",I9GKgRno82NQXpU-3wV9lw,JsUprRhyzQyukZmAhcOg0A,inside
,x-xP1VOHezt5R9FH5h4jUQ,Eox_Qq74oaFZ-YjthpHhBw,outside
,bC_Y2ndd-SEudAln7cUAKw,K-uQkfSUTwu5LIwPB4b_vg,inside
,leJuoCxvtiYYghoe3iME-w,K-uQkfSUTwu5LIwPB4b_vg,inside
,lzvcxB05_L_3lmS9ImGOjw,K-uQkfSUTwu5LIwPB4b_vg,outside
,mj2Qoy5__lab3cbPfWzoYw,pvQgNYdh37cIiyqt7d08Lg,outside
Pancakes and Toast,VpXtOkXm2D4eHa6hawpuuw,9wxxjUKdaiWeK0fGxSYhzQ,food
,Ul4LEVAdOa0h-SXgi0Ol_Q,1XnxmIP2-BWNkCvREM2czg,inside
wine room,3L8SgruIhhX3fgOE360d9A,SHDpSpDjX5tiQQrKKryNkg,inside
,tr50lKRQQyQ9IhE7SdOOPQ,Rw-xnNlDuwekyMw_THUfGg,food
,6tq5Q6CL2r5L2TO1inV-rg,Rw-xnNlDuwekyMw_THUfGg,food
Glass POV,scM8QtS8rM9BQY3zmjqSWg,_sOni_t0FvAQuUDBEGe3Gg,inside
,KmhPdybq5MOuYZ7yl6TTpg,nqnVKM55nIZn8fNH1fIJPA,inside
,xrxDBzjdRZdxovN8DeBcig,DeI4KqEeWy0cTdh7Wy5_RA,food
,hOXDPR-lAKbhUrVSfovr3A,6ySrrRnMB_vb1oTroNFD4A,inside
,bvB0-9HRpIQHOiF7R_B5sQ,6ySrrRnMB_vb1oTroNFD4A,inside
,hMmMi8mSBy6Ex95Vz0qy7w,TzODb9BxkOD6Qj3Q5n_Y2g,outside
,sPZecXy61jhYNpibAmzPJQ,DC3B2efrhw1c6c79BBgYjA,outside
,6YV5GfCXhSomaoTWGsN7qw,D4qFvxY2hIPrZ_o7bFhhWA,outside
,58dicP2vhfYlgqP1rzoU5A,TyCoINxmCnaWVHzWUT3xKQ,outside
,tZ_CHdjqm7WD4UAn_bhuoQ,wl6w2VNMA4g6O9lu7kTvFA,outside
,uLypgH1awRgO_uLxjt2_OA,5JxlZaqCnk1MnbgRirs40Q,inside
,rDmCjZxYmwl8mPz9k2xQ2A,HsgHgxT2vMnqd3cgPvnitQ,outside
(photographed by Dave Hong),yhEVgRqUvVvE8XaVy3DPgw,2RCB307uNxQekVQEr4IrKQ,inside
,v6BptnM_D37r86Nwo8MFMQ,lQvMJ02_ZVIVV4e3pxwhYA,outside
Landlord special,sCf6bK-9eqb9z2F44mhauQ,iqQEH6olFhpqwZjFRRFmuA,food
,j1uL_TskVnHi0HHxKLBGcw,FLMxWQO-ckCQmGZhU9OQgw,food
,BuGB3svxcxycLV43g5JN3g,FLMxWQO-ckCQmGZhU9OQgw,food
,7alPj-Rc2YL9XcjB41gmMg,LKzDrKa0FRrRATi1gqPEiw,outside
,i-cKapxApAWT1nep2NYFvg,ALn_0f-Usn3n0a9WBcjhhg,outside
,cjsyCajM1xed5UCZPdZ_QA,pKk7jCFIm96qDdk0laVT2w,food
,w9HuGvFfVgoYWJnONT6jmQ,aO94Wsh2VzrgdCXu26OJEQ,inside
ZuZu Patio,sAZcfeWNcsVe_4_43sdnDQ,RTegy5CUBpMK65pr8UeDgA,inside
ZuZu Lounge (photo courtesy of Isaac Bailey),XEWafRPrp1QBAzHLA_RBOQ,RTegy5CUBpMK65pr8UeDgA,inside
Trader Vic's - Bar,xamLLYx0ZbGtpynuddpErQ,Es_cIduurEbcndt6y67hBg,inside
,8x4GTQUOSRUL6RCiUK-H4g,nHFJtud7jWZhM9dHQ1eIRA,inside
"Open for lunch, Quiessence offers picturesque patio dining.",2z4E9TyzGLxyb1dHTFePkQ,PBEUEK39haiJhQzuW4tnYQ,food
Dessert... my favorite!,WJqYorAKfMsYeA2-PAj4tA,PBEUEK39haiJhQzuW4tnYQ,food
Bike and dog friendly patios!,NsbFTy4ANaz6GEJ_L-FVBg,8rlTOw0IA1TENURMBJpaXw,outside
,x2bldVH5Pn35ndyixfseJw,kYvZZ_aKaKLQKeyms74T2Q,outside
,W9hgkyftlpoLb3F4X8o0Tg,ZvtzjwRaGFfoDJ4gTQhrEw,outside
,yDOB3NPRzkZItLx67qj4AQ,bGoGHSWHvhftHMWWxQXYbw,outside
,iNwuEaKmKj-iw86J0e75Ag,mSY675sCniAMhSuc7225HA,outside
Mushroom swiss burger at Go! Bistro,v5K5LdFcZsuJjKj_p7XjEA,xua8JhTL-Kf7c-1wQJCl0w,food
Strawberry Shortcake and Creme Brulee,z0R3d32viCmGTqS1k8jx_A,2weQS-RnoOBhb1KsHKyoSQ,drink
,KQYlIb_cxPH2pMFDSnUGng,Lt_ytMJKMQ3lpBDYaANreA,outside
,8nmsqE9xUseDuFrgVVNz8g,MDSQf7tnGLjeOcujX5DjHA,outside
Red Sushi Special,7ZJjS9YhwBnOR3lvmxyqNQ,jY7Ql_Qk8duv7jZrMZahaw,food
,DPrHsygobYKYGCt82iNZ1A,OyGwvqB3iVPX5CavwuC4tA,outside
From the STC website,-mHmBUHulN1TC4-KpFinXg,NtiBsNppXU0XS4zM89dphQ,outside
the best thing at the buffet IMO,HSVwwdF58q6aOnB5qaPIkg,2weQS-RnoOBhb1KsHKyoSQ,food
,Q9bwL9ZLOYZJ8eS2Zo9Qew,VsewHMsfj1Mgsl2i_hio7w,inside
,mFcNVfcX93Qbzh_3IE2Wew,aXVOrs-vYxokOHFcy4xZHg,outside
,sRzz7PnOScEbK9HJtmEGtw,9M_P2iMIkf6EGZ47DyxaDA,inside
duck  (tasting menu),Mi-EFAQ8gENAsIHgKNIrLA,LwQB9H3jZ9wTk24Lr-AnZQ,food
Jidori Chicken Teriyaki,Aa3n0UYkfuwjeGEiNb7sZw,4hG2j_ibsNblDgqei05U_g,food
Watermelon salad,1SwgaoGu77T3dVQOiglF_Q,eBxQzBFLEPwRCxuiL50SQA,food
,aIMXpUzYS3QRwGr3GfsUrQ,ohz8ljVxcZMo2bMGrBZfgw,inside
,QJd2fpamLfcLitSsted1SQ,a2fqQVxtFGc-bjKQ3BXItA,outside
the dancers,Rp1322FCBR808sYAUwClaw,VsewHMsfj1Mgsl2i_hio7w,inside
Breakfast plates.,BhyIZcAzVZfcYg1EvpVy4w,klddGAcNIpE_aB5sd1hNXw,food
Ham & Cheese sandwich.,1_gRFzSRE3X542hijqx6Fg,klddGAcNIpE_aB5sd1hNXw,food
Burnt scrapings off the toast.,Op3StqflNLsVuTJu4-2EXQ,klddGAcNIpE_aB5sd1hNXw,food
,pxsyyJxRtuCJMHOg1oIvOg,AbL1xoa1-RVFZwtAk_oYuw,inside
,TbSMxDitqDGuJFstK2f-9A,AbL1xoa1-RVFZwtAk_oYuw,food
,DP8nWQlex1KsitoinxmlnA,AbL1xoa1-RVFZwtAk_oYuw,food
Soggy onion rings.,Wzi6ty73yBvcQ4lIa2zFNA,klddGAcNIpE_aB5sd1hNXw,food
Waited 45 minutes for this Ham & Cheese Sandwich.,7MhZbOMyR3pq0esQQHX4YA,klddGAcNIpE_aB5sd1hNXw,food
Miso Soup w/ Clams,BAnlVQLIjbB2W9gJaxOzHQ,TCWMgOiV0PxQkWE1SyBIWQ,drink
,WvJvVGpSTP1yNlOleJ-SMA,S2bGqPoTjUc2ywC9FYuBsw,inside
,WmRleQHR8xKFm41XiJROKg,S2bGqPoTjUc2ywC9FYuBsw,inside
,UJyxcp9WUg858aE-w9lTMA,RNi6tW22UMgHwWLAb0mYdA,inside
,9MpcCuevRAuLQLfS9jI9rQ,RNi6tW22UMgHwWLAb0mYdA,inside
,GKXZ7sGHXQCnepLTgjxvug,HnbkGxUs7oWKYDeB-Pk82Q,food
Interior,zBbRtwfxby9-OMhFnMrOeg,2dOS56h2QueEIDAdP9-1TQ,inside
Pizzeria Bianco,o5MIn3S_BHtJkRd_175JBg,pSQFynH1VxkfSmehRXlZWw,outside
A Jamaican chef with style,azOFYDtUNsw5bLxNnUof8Q,jhqWJuPYpb-2XWfkP7b_lA,food
One of the ceiling designs,4BUWbUkovleLVDRnYB0h4Q,EbP8eduNl-aEy2UVfs3zJA,inside
Chandelier drops during one of the 'switches',ZsFoWNOuvIQfupvm1Gg_2Q,EbP8eduNl-aEy2UVfs3zJA,food
Street sidewalk,yVSJmh4g8ku_fOLXKYhd_g,-i_WVm2yfuY0lS0zpEl9ZA,outside
Mango Tango Fish,LJqlZYwgnEt2dDPaA1HDRw,-i_WVm2yfuY0lS0zpEl9ZA,food
SeaThai Tofu,rbgzZkDKE1YN4UozzsAjWA,-i_WVm2yfuY0lS0zpEl9ZA,food
Gnocchi with Braised Oxtail,1354CqUugI7l1_HaL0wLtA,GTR39A2jwNIS_NV8q2r_JA,food
Dan Marinos in May 2007: Bread (inside has jalopenos & cheese),3i4F384gfkYk5A4N-HK7Mw,a2fqQVxtFGc-bjKQ3BXItA,food
Miso Happy,_uKq_pIDdb57hF92sO_nDQ,fQt4D34vcJNtEf8Q4zte3w,inside
Front Dining,Ga9HWfpCmanfAAk2p4uJ8A,NUhHkT1wfXsTLxt_tWwVXw,inside
Bar Area,LaFYOMCNFMCcMa3DY1TN-g,NUhHkT1wfXsTLxt_tWwVXw,inside
Buddha Face Decoration,mEDMjfaKTAPOXPilwGt3hQ,NUhHkT1wfXsTLxt_tWwVXw,inside
,OeDY1L95r9anycBGVyH7iw,-i_WVm2yfuY0lS0zpEl9ZA,inside
"1/2 dozen oysters with horseradish / cocktail sauce.....i normally don't eat oysters but good Buddha, these were tasty",fgvXExx1-9CSELu2w5gwzw,awI4hHMfa7H0Xf0-ChU5hg,food
"We felt a little adventurous and ordered the seafood jambalaya, definitely a HIT",SnNMJoQkeC_NFwR7vcm0RQ,awI4hHMfa7H0Xf0-ChU5hg,food
,6Yu4am3JL-E2Yp3u_jhk9A,7o2BZbRWeBIInSCf5b_SvA,inside
Spam Musubi,VFtTf0bcAwmb3CsDbgeAQg,TeggG3duunpoy__1Y2SAyQ,food
,tI5J05gw2FLwAUaoCF5sQg,SkO0Kd4_bO4VWTzCa_k8_g,inside
,_ZvOdPg61B7BwbbA0lH3Vg,SkO0Kd4_bO4VWTzCa_k8_g,inside
,R-uOOwXnZ15ETwJrknqugQ,SkO0Kd4_bO4VWTzCa_k8_g,drink
Lighting Fixture - SideBar,owQyuwOsdNfe4ssxHPSQDg,SkO0Kd4_bO4VWTzCa_k8_g,inside
,6BD2CxD35wnEZGmeci23Rg,X88w0XrUSIKue9Vuwtqs_g,outside
,XmH4bCgTZuaFxty7PRf7uA,bMiyGPaMqF0svjseW1UR_g,inside
,JGsjFSpFeoh7xEWLL0FggA,-Bdw-5H5C4AYSMGnAvmnzw,inside
,Soyh4ZnCs24S_nG9I7WMXw,-Bdw-5H5C4AYSMGnAvmnzw,drink
,odmVn_SERIDvO5y0E8t6xQ,o1SDx95NHJY47dkSCvRnGQ,food
yellowtail,tO7TkXIg6r5dBpyUSOHbLw,KVsv8wRGnLX8QWoNZKNMQA,food
,O3McVWutCzmBKnjFZDQwwQ,6551kEXeYF2NCwlodvk1EQ,inside
,Pa1e2yNISXWa4A66hQ2urQ,HeGExoygVt7pqo_39O6aFA,inside
Filet Mignon,Hd6vih7NcNv6YGwqBeqgrA,NmOBomyz63TP9Nn2q4Z1rg,food
View from Suite 1044,PlnYy0Oi6S6eJZSibB2OOg,nR8QNgK8pLX2NbDnxNu1tg,outside
from blogTO,YDibFOnHeA4WOtSfeCKJJQ,Txt1znE5Vk_L_Kdim0S3Pw,outside
from NOW Magazine,A0Ed4Ez8TTkCJ4_3p1lnBw,Txt1znE5Vk_L_Kdim0S3Pw,inside
Low ceilings and dim lighting create cozy nooks throughout the space.,_bExrYYDhw0UgLhwFLPZqg,925GiWzJ_cxQaUT870xW7A,inside
,iBPC69NMmzaGTcoayC635w,1d6c6Q2j2jwVzBfX_dLHlg,inside
,N2aHno6OIay76-5R0YUENA,8kW60GovVJJWdyA0AyS0OQ,outside
Herb Box Crispy Falafel Plate - YUM,1jvpoP-ZQmXXToBm0c0FzQ,0gXYLVPNWz0WT8wXQVpS0g,food
This location looks very similar to this picture from their website.  I think it might even be the same building.,N_WbFcU_OP5vJx8a45GUSQ,QfG4JZvFoFpRbAxU2Fn-UQ,outside
,oMuFdH377A0HBGajRkh5sA,BNubIia7rJAqSRxioUZGxg,outside
,1L3gbhyw8VcX5u3w3nAegA,pO9tcGCSC_skgdqVz9_Qsw,outside
Dinner time on Wednesday at Le Chardonnay,2eqMtHsUxdLr3mVbWpHKwQ,vKlfioFE5L-ZSUIbg0NY3Q,inside
,mmn4LYznoO4Y7jgpuMlVwQ,vKlfioFE5L-ZSUIbg0NY3Q,inside
lamb loin - bluewaikiki.com,KM236aAzuXr00ChPTBvE_A,Cr4ipI-tr-R8Q0NilkWNkA,food
from www.providencecafe.com,bl4jtmHt-P8_Ek9SUVDkcA,oAMTQB42vLuJS5LVGXiR9A,inside
,0YGlx6yJTLP4BPXhS7hyWA,rdZ6xVABSoOVeAIiCaEj4w,inside
Bar area,M_I9PYMs-RbA4Q3qDJf3xg,B7XwqO9Lbzq-VtOiRobfCg,inside
huge burgers 2lbs of 100% beef!,6KO2tmIAq04JBO3ZOWEPTA,3TintmVPo4Xu2drJ_iRpRQ,food
,4ZvAPfKSITfgqBXt9iJuHw,kzqx6Z2sse8PV3hVCVEw4g,inside
Tuna,KUamwmfklbqIFQeoj1EqtA,wOIh5bvOsSv1zcRrX6A8Lw,food
,_1xPKWaF914GivX9fLTwTw,FDEm-c3NAXnTVtl-hgzAhA,food
S-1,-pMVF0y776NM5tyIqXjlrw,QjfCmeznfZC9BPowyO4Npw,food
PAD THAI,2PjSttJjhmhFBaHOoiXHpw,QjfCmeznfZC9BPowyO4Npw,food
PINEAPPLE FRIED RICE,cO7fl-f96fUwNCR8i0hugQ,QjfCmeznfZC9BPowyO4Npw,food
S-2,kw3V5ChRS0I48eqhkCMaCg,QjfCmeznfZC9BPowyO4Npw,food
S-3,M5bNghIqPbGdMWPuJmZzug,QjfCmeznfZC9BPowyO4Npw,food
S-5,qsZgojlS7ZAcVbRT58auag,QjfCmeznfZC9BPowyO4Npw,food
The Bar,2s3ZMJ5DCvcN5YZojTTtuw,6xgcHeLad-VaoTIQewK84A,inside
,jZBnIwJAwS5r9Q0TmEq2iA,6xgcHeLad-VaoTIQewK84A,drink
RED ROOM,e6mzdTsnrW_kaAIpMF3nww,Ywdy4YARQK1ZWOCDzZDi-w,inside
The first room you see when entering the buffet.,KRDAwLdzGr-1htQ4XqtfxQ,2weQS-RnoOBhb1KsHKyoSQ,inside
Sampler Platter,9XdpirevDOvzvGnpM1N_fg,aXVOrs-vYxokOHFcy4xZHg,food
mi peru menu1,ycRyE92Alakf7yx8mcX8Dg,Uuxwgc8kA88Cvt8LthoRdQ,menu
Thai Beef Salad,2Pr2lRBvcIU0LE3KE8K0qw,2uRM8Et0uJVl8u1jSnmuKw,food
Chessesteak! The real deal!,qjVfcGvzPZw6dC5QkhZO2A,vsafIOqyblej4784tqbUhQ,food
Authentic hoagies!,fhSKQWKMqb9SJbxGaoKKBA,vsafIOqyblej4784tqbUhQ,food
WINGS! WINGS! WINGS!,wMTqO2DdaCLFu_s05PP9vA,vsafIOqyblej4784tqbUhQ,food
Chessesteak! The real deal!,DeXnycYR3dooMIevkQTTLA,HC8x_oRrWYbmPhDYNZLUzw,food
Chessesteak!The real deal!,Lu3pJYJHDPuSz2voZgv-fA,gKXsFVhWyK7MLQhSKG5_mA,food
WINGS! WINGS! WINGS!,PauUPJs_bDAGLNy7hZTqow,gKXsFVhWyK7MLQhSKG5_mA,food
Restaurant,q28WH7mhCTMuDXMetR6f5Q,T4QPQ4M8fBL8h4LjDmZ_hg,outside
,bGOl0tVkRz-LW8pyLDnpGQ,FDEm-c3NAXnTVtl-hgzAhA,food
Inside of Restaurant,_TtazzrXUWrf3W8723uLZw,2fE1irzYRjuP99P0Kxxnrg,inside
"black fettuccine with crab, jalopenos and shallots",0HLA70yL_toHXbFOiQeUmw,7fxebHYUwIF6CakxSr70iQ,food
,ZOWVuuSo50qkWVigm3qHvQ,ALn_0f-Usn3n0a9WBcjhhg,inside
,MrZ2mEU-wyuMTc8lr_GjHw,w8EtrFyt-GJq6tRXcArmng,outside
vdara,oLWLHXNwWIGQRSgkttIocQ,2zzRaxhpouEjGaDh9R6meA,inside
,7ZdAsFOpxiEUPRBjDw_PpA,g62SlImzhs6_1t-knPjd8w,inside
,ULckJhqEkryVKx3uaEaTNA,Kl4jN1WUFX67JRE40QVrcg,drink
Inside Lenny's!,0ifISIekaQ9xge4_fXyHwg,2FfZUyA82YhQCjWNiqDCzQ,inside
,HhR1Lxi91QVU7_TmYYWZtA,33yClygMVQZb5y9WgOCHLA,outside
,tFO5vmVvyzAnr3ZTVEeHiw,tWiFat101ID5w_wgAPMXhA,food
New location,el1BgTG5dTFviqds5S1icw,kj1p6NwUGROOoqNySf0I1Q,inside